County,State,FIPS,Value (Percent),People (Education: At Least Bachelor's Degree),Rank within US (of 3143 counties)
La Paz,Arizona,4012.0,12.4,1633.0,"2,915"
Apache,Arizona,4001.0,13.8,5819.0,"2,795"
Graham,Arizona,4009.0,14.0,3399.0,"2,771"
Mohave,Arizona,4015.0,14.4,23879.0,"2,697"
Yuma,Arizona,4027.0,16.4,21570.0,"2,369"
Greenlee,Arizona,4011.0,16.7,976.0,"2,330"
Navajo,Arizona,4017.0,17.3,12208.0,"2,234"
Gila,Arizona,4007.0,18.1,7175.0,"2,103"
Pinal,Arizona,4021.0,21.4,64850.0,"1,498"
Santa Cruz,Arizona,4023.0,23.5,7227.0,"1,230"
Cochise,Arizona,4003.0,26.7,23549.0,894
Yavapai,Arizona,4025.0,28.7,52907.0,733
Pima,Arizona,4019.0,35.0,246889.0,397
Maricopa,Arizona,4013.0,35.0,1045073.0,396
Telfair,Georgia,13271.0,8.0,700.0,"3,127"
Jenkins,Georgia,13165.0,9.1,598.0,"3,117"
Webster,Georgia,13307.0,9.3,159.0,"3,112"
Chattooga,Georgia,13055.0,9.5,1637.0,"3,108"
Johnson,Georgia,13167.0,9.5,631.0,"3,107"
Worth,Georgia,13321.0,9.5,1374.0,"3,106"
Hancock,Georgia,13141.0,9.6,635.0,"3,103"
Appling,Georgia,13001.0,10.0,1231.0,"3,095"
Macon,Georgia,13193.0,10.1,868.0,"3,092"
Brantley,Georgia,13025.0,10.3,1299.0,"3,084"
Turner,Georgia,13287.0,10.5,635.0,"3,071"
Twiggs,Georgia,13289.0,10.6,642.0,"3,065"
Jefferson,Georgia,13163.0,10.8,1141.0,"3,058"
Bacon,Georgia,13005.0,10.9,799.0,"3,050"
Quitman,Georgia,13239.0,10.9,185.0,"3,045"
Warren,Georgia,13301.0,11.1,408.0,"3,040"
Crawford,Georgia,13079.0,11.3,961.0,"3,024"
Murray,Georgia,13213.0,11.4,3069.0,"3,017"
Atkinson,Georgia,13003.0,11.4,621.0,"3,016"
Calhoun,Georgia,13037.0,11.4,479.0,"3,014"
Taliaferro,Georgia,13265.0,11.5,149.0,"3,003"
Jeff Davis,Georgia,13161.0,11.5,1118.0,"2,995"
Heard,Georgia,13149.0,11.6,911.0,"2,983"
Emanuel,Georgia,13107.0,11.6,1773.0,"2,982"
Wilkinson,Georgia,13319.0,12.1,738.0,"2,945"
Charlton,Georgia,13049.0,12.1,1092.0,"2,942"
Marion,Georgia,13197.0,12.2,657.0,"2,936"
Ben Hill,Georgia,13017.0,12.2,1403.0,"2,934"
Candler,Georgia,13043.0,12.2,895.0,"2,930"
Mitchell,Georgia,13205.0,12.3,1805.0,"2,925"
Randolph,Georgia,13243.0,12.4,526.0,"2,912"
Wheeler,Georgia,13309.0,12.8,611.0,"2,895"
Clinch,Georgia,13065.0,12.9,581.0,"2,883"
Pulaski,Georgia,13235.0,12.9,948.0,"2,882"
Coffee,Georgia,13069.0,12.9,3683.0,"2,881"
Glascock,Georgia,13125.0,12.9,257.0,"2,879"
Long,Georgia,13183.0,13.0,1400.0,"2,874"
Terrell,Georgia,13273.0,13.0,789.0,"2,873"
Dooly,Georgia,13093.0,13.0,1116.0,"2,866"
Butts,Georgia,13035.0,13.1,2337.0,"2,862"
Meriwether,Georgia,13199.0,13.1,1936.0,"2,851"
Wilcox,Georgia,13315.0,13.6,884.0,"2,808"
Treutlen,Georgia,13283.0,13.7,594.0,"2,804"
Echols,Georgia,13101.0,14.0,317.0,"2,769"
Tattnall,Georgia,13267.0,14.0,2372.0,"2,764"
Early,Georgia,13099.0,14.0,959.0,"2,762"
Elbert,Georgia,13105.0,14.1,1958.0,"2,750"
Crisp,Georgia,13081.0,14.1,1925.0,"2,748"
Wayne,Georgia,13305.0,14.1,2862.0,"2,739"
Polk,Georgia,13233.0,14.4,4097.0,"2,709"
Burke,Georgia,13033.0,14.7,2284.0,"2,663"
Brooks,Georgia,13027.0,14.7,1677.0,"2,661"
Colquitt,Georgia,13071.0,14.7,4394.0,"2,657"
Dodge,Georgia,13091.0,14.7,2125.0,"2,649"
Berrien,Georgia,13019.0,14.8,1844.0,"2,630"
Decatur,Georgia,13087.0,15.0,2888.0,"2,607"
Ware,Georgia,13299.0,15.1,3659.0,"2,592"
Upson,Georgia,13293.0,15.4,2929.0,"2,547"
Talbot,Georgia,13263.0,15.4,679.0,"2,543"
Wilkes,Georgia,13317.0,15.6,1097.0,"2,504"
Screven,Georgia,13251.0,15.7,1612.0,"2,491"
Stewart,Georgia,13259.0,15.8,661.0,"2,473"
Grady,Georgia,13131.0,15.8,2797.0,"2,471"
Stephens,Georgia,13257.0,16.0,2930.0,"2,443"
Cook,Georgia,13075.0,16.0,1791.0,"2,441"
Lincoln,Georgia,13181.0,16.2,925.0,"2,401"
Taylor,Georgia,13269.0,16.3,901.0,"2,386"
Evans,Georgia,13109.0,16.4,1141.0,"2,383"
Toombs,Georgia,13279.0,16.4,2831.0,"2,380"
Clay,Georgia,13061.0,16.6,320.0,"2,349"
Gordon,Georgia,13129.0,16.7,6523.0,"2,328"
Irwin,Georgia,13155.0,16.8,1098.0,"2,310"
Franklin,Georgia,13119.0,16.8,2688.0,"2,304"
Pierce,Georgia,13229.0,17.0,2252.0,"2,284"
Seminole,Georgia,13253.0,17.0,1139.0,"2,282"
Laurens,Georgia,13175.0,17.1,5664.0,"2,272"
Banks,Georgia,13011.0,17.1,2215.0,"2,261"
Washington,Georgia,13303.0,17.4,2451.0,"2,212"
Lamar,Georgia,13171.0,17.5,2146.0,"2,199"
McIntosh,Georgia,13191.0,17.8,1590.0,"2,149"
Haralson,Georgia,13143.0,17.9,3710.0,"2,139"
Jones,Georgia,13169.0,17.9,3519.0,"2,132"
Schley,Georgia,13249.0,18.0,542.0,"2,128"
Hart,Georgia,13147.0,18.3,3483.0,"2,060"
Jasper,Georgia,13159.0,18.3,1876.0,"2,049"
Dade,Georgia,13083.0,18.3,2068.0,"2,047"
Spalding,Georgia,13255.0,18.3,8460.0,"2,044"
McDuffie,Georgia,13189.0,18.4,2703.0,"2,022"
Lanier,Georgia,13173.0,18.4,1210.0,"2,017"
Bleckley,Georgia,13023.0,18.6,1513.0,"1,986"
Whitfield,Georgia,13313.0,18.6,12408.0,"1,984"
Tift,Georgia,13277.0,18.7,5043.0,"1,959"
Baker,Georgia,13007.0,19.0,390.0,"1,918"
Montgomery,Georgia,13209.0,19.6,1120.0,"1,817"
Madison,Georgia,13195.0,19.6,4075.0,"1,813"
Walker,Georgia,13295.0,19.7,9404.0,"1,801"
Miller,Georgia,13201.0,19.7,801.0,"1,799"
Pike,Georgia,13231.0,20.2,2631.0,"1,706"
Liberty,Georgia,13179.0,20.2,7635.0,"1,688"
Troup,Georgia,13285.0,20.3,9395.0,"1,672"
Clayton,Georgia,13063.0,20.6,38243.0,"1,623"
Bartow,Georgia,13015.0,21.0,15392.0,"1,561"
Barrow,Georgia,13013.0,21.2,11800.0,"1,534"
Carroll,Georgia,13045.0,21.2,16239.0,"1,526"
Camden,Georgia,13039.0,21.7,7694.0,"1,461"
Sumter,Georgia,13261.0,22.2,4100.0,"1,404"
Floyd,Georgia,13115.0,22.3,14618.0,"1,382"
Newton,Georgia,13217.0,22.6,16502.0,"1,341"
Oglethorpe,Georgia,13221.0,22.7,2388.0,"1,334"
Peach,Georgia,13225.0,22.9,4123.0,"1,297"
Habersham,Georgia,13137.0,22.9,7183.0,"1,296"
White,Georgia,13311.0,23.1,4607.0,"1,273"
Fannin,Georgia,13111.0,23.2,4608.0,"1,266"
Catoosa,Georgia,13047.0,23.2,11044.0,"1,263"
Dougherty,Georgia,13095.0,23.3,12859.0,"1,254"
Gilmer,Georgia,13123.0,23.4,5492.0,"1,237"
Baldwin,Georgia,13009.0,23.5,6531.0,"1,233"
Richmond,Georgia,13245.0,23.6,31936.0,"1,224"
Thomas,Georgia,13275.0,23.8,7415.0,"1,187"
Walton,Georgia,13297.0,24.3,15946.0,"1,130"
Pickens,Georgia,13227.0,24.3,5980.0,"1,129"
Effingham,Georgia,13103.0,25.2,10753.0,"1,021"
Union,Georgia,13291.0,25.5,4992.0,996
Hall,Georgia,13139.0,25.5,34481.0,993
Putnam,Georgia,13237.0,25.6,4162.0,989
Bibb,Georgia,13021.0,25.9,26667.0,967
Lowndes,Georgia,13185.0,26.1,18285.0,947
Jackson,Georgia,13157.0,26.5,13798.0,907
Paulding,Georgia,13223.0,26.5,29620.0,906
Henry,Georgia,13151.0,27.5,43084.0,819
Rabun,Georgia,13241.0,28.0,3690.0,778
Rockdale,Georgia,13247.0,28.1,17602.0,773
Muscogee,Georgia,13215.0,28.4,38194.0,754
Monroe,Georgia,13207.0,28.6,5657.0,746
Bulloch,Georgia,13031.0,29.6,13344.0,685
Douglas,Georgia,13097.0,29.9,28041.0,676
Morgan,Georgia,13211.0,29.9,4293.0,673
Chattahoochee,Georgia,13053.0,30.0,1335.0,663
Glynn,Georgia,13127.0,30.6,18419.0,626
Towns,Georgia,13281.0,32.0,3056.0,545
Houston,Georgia,13153.0,32.0,34499.0,543
Lumpkin,Georgia,13187.0,32.0,6645.0,541
Harris,Georgia,13145.0,32.4,7960.0,515
Lee,Georgia,13177.0,32.6,6942.0,502
Greene,Georgia,13133.0,33.4,4731.0,461
Bryan,Georgia,13029.0,33.9,9558.0,439
Coweta,Georgia,13077.0,34.1,34252.0,432
Dawson,Georgia,13085.0,35.5,6943.0,371
Chatham,Georgia,13051.0,36.1,73013.0,348
Columbia,Georgia,13073.0,37.4,39223.0,308
Gwinnett,Georgia,13135.0,38.9,238789.0,258
Cherokee,Georgia,13057.0,39.5,72410.0,237
DeKalb,Georgia,13089.0,46.7,243821.0,117
Fayette,Georgia,13113.0,47.2,38519.0,110
Clarke,Georgia,13059.0,47.9,35129.0,100
Cobb,Georgia,13067.0,49.7,258297.0,84
Oconee,Georgia,13219.0,53.5,14688.0,54
Forsyth,Georgia,13117.0,56.2,93245.0,39
Lake,Michigan,26085.0,12.2,1172.0,"2,940"
Clare,Michigan,26035.0,12.2,2770.0,"2,937"
Oscoda,Michigan,26135.0,13.8,849.0,"2,796"
Montcalm,Michigan,26117.0,14.4,6805.0,"2,707"
Gladwin,Michigan,26051.0,14.4,2726.0,"2,706"
Ogemaw,Michigan,26129.0,14.6,2287.0,"2,677"
Arenac,Michigan,26011.0,14.6,1649.0,"2,676"
Montmorency,Michigan,26119.0,15.2,1114.0,"2,583"
Ontonagon,Michigan,26131.0,15.2,740.0,"2,579"
Sanilac,Michigan,26151.0,15.3,4439.0,"2,564"
Tuscola,Michigan,26157.0,15.3,5890.0,"2,560"
Baraga,Michigan,26013.0,15.6,973.0,"2,516"
Branch,Michigan,26023.0,16.1,4973.0,"2,427"
Iosco,Michigan,26069.0,16.3,3203.0,"2,387"
Osceola,Michigan,26133.0,16.5,2686.0,"2,355"
Huron,Michigan,26063.0,16.6,3854.0,"2,344"
Menominee,Michigan,26109.0,16.7,2919.0,"2,332"
Alpena,Michigan,26007.0,16.7,3603.0,"2,320"
Ionia,Michigan,26067.0,16.8,7794.0,"2,305"
Missaukee,Michigan,26113.0,16.9,1795.0,"2,301"
St. Joseph,Michigan,26149.0,17.2,7066.0,"2,251"
Luce,Michigan,26095.0,17.3,713.0,"2,235"
Kalkaska,Michigan,26079.0,17.3,2253.0,"2,225"
Gratiot,Michigan,26057.0,18.1,5178.0,"2,095"
Newaygo,Michigan,26123.0,18.3,6431.0,"2,061"
Roscommon,Michigan,26143.0,18.5,3500.0,"1,997"
Lapeer,Michigan,26087.0,19.1,12165.0,"1,894"
Shiawassee,Michigan,26155.0,19.2,9302.0,"1,880"
Hillsdale,Michigan,26059.0,19.6,6163.0,"1,820"
Crawford,Michigan,26039.0,19.6,1973.0,"1,819"
Oceana,Michigan,26127.0,19.6,3684.0,"1,812"
Delta,Michigan,26041.0,19.7,5355.0,"1,794"
Presque Isle,Michigan,26141.0,19.8,2042.0,"1,767"
Iron,Michigan,26071.0,19.9,1773.0,"1,763"
Wexford,Michigan,26165.0,19.9,4680.0,"1,762"
St. Clair,Michigan,26147.0,19.9,22800.0,"1,754"
Alcona,Michigan,26001.0,20.0,1686.0,"1,739"
Bay,Michigan,26017.0,20.1,15095.0,"1,717"
Schoolcraft,Michigan,26153.0,20.1,1247.0,"1,708"
Muskegon,Michigan,26121.0,20.7,25141.0,"1,613"
Alger,Michigan,26003.0,20.7,1359.0,"1,610"
Cass,Michigan,26027.0,21.2,7808.0,"1,536"
Calhoun,Michigan,26025.0,22.0,20161.0,"1,421"
Van Buren,Michigan,26159.0,22.2,11614.0,"1,396"
Gogebic,Michigan,26053.0,22.4,2533.0,"1,376"
Lenawee,Michigan,26091.0,22.5,15621.0,"1,358"
Jackson,Michigan,26075.0,22.5,25209.0,"1,357"
Cheboygan,Michigan,26031.0,22.5,4492.0,"1,355"
Manistee,Michigan,26101.0,22.5,4294.0,"1,348"
Monroe,Michigan,26115.0,22.6,24842.0,"1,337"
Genesee,Michigan,26049.0,22.8,63838.0,"1,318"
Chippewa,Michigan,26033.0,22.9,5861.0,"1,303"
Saginaw,Michigan,26145.0,22.9,29984.0,"1,301"
Barry,Michigan,26015.0,23.6,10438.0,"1,216"
Mecosta,Michigan,26107.0,23.7,6314.0,"1,199"
Dickinson,Michigan,26043.0,23.9,4547.0,"1,176"
Allegan,Michigan,26005.0,24.1,19875.0,"1,144"
Mason,Michigan,26105.0,24.2,5155.0,"1,138"
Mackinac,Michigan,26097.0,25.7,2189.0,980
Otsego,Michigan,26137.0,26.3,4756.0,932
Wayne,Michigan,26163.0,26.5,319402.0,909
Macomb,Michigan,26099.0,26.8,167161.0,881
Berrien,Michigan,26021.0,30.1,32497.0,660
Eaton,Michigan,26045.0,30.3,23459.0,650
Isabella,Michigan,26073.0,30.7,11055.0,621
Clinton,Michigan,26037.0,32.2,17785.0,526
Benzie,Michigan,26019.0,32.4,4473.0,513
Antrim,Michigan,26009.0,32.5,5843.0,512
Charlevoix,Michigan,26029.0,33.0,6452.0,482
Marquette,Michigan,26103.0,34.7,15354.0,409
Midland,Michigan,26111.0,35.6,21132.0,361
Houghton,Michigan,26061.0,35.8,7756.0,356
Ottawa,Michigan,26139.0,36.5,68141.0,330
Emmet,Michigan,26047.0,37.9,9464.0,291
Livingston,Michigan,26093.0,38.1,52754.0,283
Keweenaw,Michigan,26083.0,38.3,664.0,278
Kent,Michigan,26081.0,38.6,169031.0,271
Grand Traverse,Michigan,26055.0,38.7,26664.0,267
Kalamazoo,Michigan,26077.0,40.5,66754.0,220
Ingham,Michigan,26065.0,40.6,70763.0,216
Leelanau,Michigan,26089.0,48.6,8542.0,92
Oakland,Michigan,26125.0,49.5,449241.0,87
Cameron,Pennsylvania,42023.0,10.9,378.0,"3,052"
Forest,Pennsylvania,42053.0,11.6,662.0,"2,985"
Mifflin,Pennsylvania,42087.0,13.2,4258.0,"2,850"
Juniata,Pennsylvania,42067.0,14.3,2365.0,"2,711"
Bedford,Pennsylvania,42009.0,16.1,5616.0,"2,422"
Fulton,Pennsylvania,42057.0,16.3,1725.0,"2,393"
Potter,Pennsylvania,42105.0,16.7,1992.0,"2,329"
Jefferson,Pennsylvania,42065.0,17.0,5364.0,"2,285"
Somerset,Pennsylvania,42111.0,17.2,9515.0,"2,241"
Huntingdon,Pennsylvania,42061.0,18.1,5776.0,"2,109"
Perry,Pennsylvania,42099.0,18.3,6041.0,"2,059"
Carbon,Pennsylvania,42025.0,18.3,8810.0,"2,036"
Schuylkill,Pennsylvania,42107.0,18.5,19294.0,"2,009"
Northumberland,Pennsylvania,42097.0,18.5,12361.0,"2,008"
Elk,Pennsylvania,42047.0,18.5,4200.0,"2,001"
Armstrong,Pennsylvania,42005.0,18.6,9035.0,"1,982"
Fayette,Pennsylvania,42051.0,18.6,17643.0,"1,972"
Sullivan,Pennsylvania,42113.0,18.9,918.0,"1,935"
Warren,Pennsylvania,42123.0,19.0,5370.0,"1,925"
Clearfield,Pennsylvania,42033.0,19.1,11377.0,"1,891"
Venango,Pennsylvania,42121.0,19.4,7263.0,"1,847"
McKean,Pennsylvania,42083.0,19.5,5619.0,"1,832"
Susquehanna,Pennsylvania,42115.0,19.9,5697.0,"1,756"
Bradford,Pennsylvania,42015.0,20.0,8520.0,"1,730"
Clinton,Pennsylvania,42035.0,20.3,5075.0,"1,674"
Crawford,Pennsylvania,42039.0,20.6,12132.0,"1,629"
Wayne,Pennsylvania,42127.0,20.8,8193.0,"1,590"
Snyder,Pennsylvania,42109.0,21.0,5584.0,"1,564"
Greene,Pennsylvania,42059.0,21.1,5392.0,"1,547"
Tioga,Pennsylvania,42117.0,21.3,6285.0,"1,520"
Wyoming,Pennsylvania,42131.0,21.5,4058.0,"1,485"
Lawrence,Pennsylvania,42073.0,22.0,13617.0,"1,423"
Cambria,Pennsylvania,42021.0,22.7,21729.0,"1,332"
Clarion,Pennsylvania,42031.0,22.7,5796.0,"1,327"
Lebanon,Pennsylvania,42075.0,22.9,22505.0,"1,306"
Franklin,Pennsylvania,42055.0,23.0,25297.0,"1,293"
Blair,Pennsylvania,42013.0,23.4,20485.0,"1,234"
Mercer,Pennsylvania,42085.0,24.1,19021.0,"1,147"
Lycoming,Pennsylvania,42081.0,24.4,19533.0,"1,114"
Adams,Pennsylvania,42001.0,24.4,17928.0,"1,112"
Luzerne,Pennsylvania,42079.0,24.5,56755.0,"1,084"
Union,Pennsylvania,42119.0,25.1,7277.0,"1,032"
Columbia,Pennsylvania,42037.0,25.5,11084.0,"1,001"
Indiana,Pennsylvania,42063.0,26.2,14253.0,935
York,Pennsylvania,42133.0,26.3,84214.0,924
Monroe,Pennsylvania,42089.0,26.6,31550.0,905
Beaver,Pennsylvania,42007.0,26.8,32958.0,884
Berks,Pennsylvania,42011.0,26.8,78363.0,880
Pike,Pennsylvania,42103.0,27.4,12172.0,825
Erie,Pennsylvania,42049.0,29.6,55198.0,690
Lackawanna,Pennsylvania,42069.0,29.9,45442.0,671
Lancaster,Pennsylvania,42071.0,30.5,114403.0,633
Westmoreland,Pennsylvania,42129.0,31.2,82216.0,594
Lehigh,Pennsylvania,42077.0,32.4,82539.0,522
Washington,Pennsylvania,42125.0,32.4,48994.0,518
Northampton,Pennsylvania,42095.0,32.8,72290.0,489
Dauphin,Pennsylvania,42043.0,33.3,66041.0,468
Philadelphia,Pennsylvania,42101.0,33.6,366310.0,455
Montour,Pennsylvania,42093.0,36.4,4837.0,337
Butler,Pennsylvania,42019.0,38.3,53500.0,276
Cumberland,Pennsylvania,42041.0,38.7,70365.0,266
Delaware,Pennsylvania,42045.0,40.9,160088.0,209
Bucks,Pennsylvania,42017.0,43.3,200969.0,169
Allegheny,Pennsylvania,42003.0,43.8,395708.0,159
Centre,Pennsylvania,42027.0,46.2,44903.0,124
Montgomery,Pennsylvania,42091.0,51.4,310252.0,68
Clark,Wisconsin,55019.0,13.1,2828.0,"2,853"
Marquette,Wisconsin,55077.0,14.5,1695.0,"2,691"
Adams,Wisconsin,55001.0,15.6,2593.0,"2,507"
Forest,Wisconsin,55041.0,15.7,1068.0,"2,489"
Taylor,Wisconsin,55119.0,15.8,2201.0,"2,469"
Langlade,Wisconsin,55067.0,15.8,2269.0,"2,468"
Jackson,Wisconsin,55053.0,15.9,2368.0,"2,460"
Price,Wisconsin,55099.0,16.1,1723.0,"2,424"
Juneau,Wisconsin,55057.0,16.1,3175.0,"2,418"
Waushara,Wisconsin,55137.0,16.5,3086.0,"2,358"
Rusk,Wisconsin,55107.0,17.1,1778.0,"2,263"
Oconto,Wisconsin,55083.0,17.3,4991.0,"2,224"
Crawford,Wisconsin,55023.0,17.5,2064.0,"2,195"
Marinette,Wisconsin,55075.0,17.9,5584.0,"2,137"
Shawano,Wisconsin,55115.0,18.2,5324.0,"2,082"
Lincoln,Wisconsin,55069.0,18.8,4017.0,"1,953"
Menominee,Wisconsin,55078.0,18.9,471.0,"1,928"
Waupaca,Wisconsin,55135.0,19.5,7335.0,"1,836"
Dodge,Wisconsin,55027.0,19.6,12619.0,"1,818"
Trempealeau,Wisconsin,55121.0,19.7,4087.0,"1,797"
Lafayette,Wisconsin,55065.0,19.9,2260.0,"1,758"
Richland,Wisconsin,55103.0,19.9,2459.0,"1,742"
Monroe,Wisconsin,55081.0,20.1,6275.0,"1,713"
Kewaunee,Wisconsin,55061.0,20.3,2971.0,"1,681"
Ashland,Wisconsin,55003.0,20.7,2302.0,"1,616"
Barron,Wisconsin,55005.0,20.7,6892.0,"1,605"
Buffalo,Wisconsin,55011.0,21.0,2047.0,"1,566"
Wood,Wisconsin,55141.0,21.3,11288.0,"1,519"
Burnett,Wisconsin,55013.0,22.1,2835.0,"1,414"
Fond du Lac,Wisconsin,55039.0,22.3,16282.0,"1,386"
Green Lake,Wisconsin,55047.0,22.4,3028.0,"1,365"
Florence,Wisconsin,55037.0,22.5,812.0,"1,352"
Polk,Wisconsin,55095.0,22.8,7507.0,"1,325"
Pepin,Wisconsin,55091.0,22.8,1204.0,"1,310"
Manitowoc,Wisconsin,55071.0,23.1,13532.0,"1,277"
Washburn,Wisconsin,55129.0,23.1,2913.0,"1,274"
Chippewa,Wisconsin,55017.0,23.2,10937.0,"1,265"
Iron,Wisconsin,55051.0,23.7,1172.0,"1,200"
Columbia,Wisconsin,55021.0,24.2,10098.0,"1,140"
Grant,Wisconsin,55043.0,24.2,7875.0,"1,135"
Vernon,Wisconsin,55123.0,24.3,5024.0,"1,122"
Rock,Wisconsin,55105.0,24.4,27405.0,"1,111"
Sauk,Wisconsin,55111.0,25.2,11611.0,"1,023"
Green,Wisconsin,55045.0,26.1,6924.0,939
Sheboygan,Wisconsin,55117.0,26.6,21885.0,900
Sawyer,Wisconsin,55113.0,26.9,3686.0,869
Marathon,Wisconsin,55073.0,27.0,25985.0,857
Oneida,Wisconsin,55085.0,27.1,7873.0,851
Douglas,Wisconsin,55031.0,27.2,8631.0,840
Iowa,Wisconsin,55049.0,27.8,4687.0,797
Jefferson,Wisconsin,55055.0,27.9,16580.0,786
Racine,Wisconsin,55101.0,28.0,37807.0,779
Dunn,Wisconsin,55033.0,28.6,7995.0,744
Vilas,Wisconsin,55125.0,29.2,5289.0,711
Winnebago,Wisconsin,55139.0,29.3,34052.0,707
Kenosha,Wisconsin,55059.0,29.4,33693.0,702
Walworth,Wisconsin,55127.0,30.8,21725.0,613
Pierce,Wisconsin,55093.0,31.0,8329.0,602
Outagamie,Wisconsin,55087.0,31.6,41054.0,576
Calumet,Wisconsin,55015.0,31.7,11544.0,568
Brown,Wisconsin,55009.0,31.7,57283.0,562
Milwaukee,Wisconsin,55079.0,33.1,205336.0,480
Bayfield,Wisconsin,55007.0,33.6,4211.0,459
Portage,Wisconsin,55097.0,33.6,15396.0,456
Washington,Wisconsin,55131.0,33.9,33041.0,437
Door,Wisconsin,55029.0,35.3,8280.0,384
Eau Claire,Wisconsin,55035.0,35.4,23827.0,376
La Crosse,Wisconsin,55063.0,35.8,27960.0,353
St. Croix,Wisconsin,55109.0,37.8,24132.0,298
Waukesha,Wisconsin,55133.0,47.2,136729.0,111
Ozaukee,Wisconsin,55089.0,49.8,32105.0,81
Coos,New Hampshire,33007.0,20.4,5003.0,"1,659"
Sullivan,New Hampshire,33019.0,30.1,9843.0,654
Belknap,New Hampshire,33001.0,31.9,15327.0,548
Cheshire,New Hampshire,33005.0,34.4,18749.0,422
Merrimack,New Hampshire,33013.0,36.8,40799.0,320
Carroll,New Hampshire,33003.0,37.5,15014.0,303
Strafford,New Hampshire,33017.0,38.7,34019.0,264
Hillsborough,New Hampshire,33011.0,40.2,121391.0,226
Grafton,New Hampshire,33009.0,43.3,28201.0,170
Monroe,Ohio,39111.0,10.7,1037.0,"3,064"
Holmes,Ohio,39075.0,11.1,2911.0,"3,039"
Morgan,Ohio,39115.0,11.2,1114.0,"3,029"
Meigs,Ohio,39105.0,11.5,1816.0,"2,999"
Harrison,Ohio,39067.0,11.7,1230.0,"2,973"
Noble,Ohio,39121.0,13.1,1416.0,"2,852"
Carroll,Ohio,39019.0,13.5,2585.0,"2,824"
Marion,Ohio,39101.0,13.5,6212.0,"2,823"
Fayette,Ohio,39047.0,13.7,2720.0,"2,800"
Pike,Ohio,39131.0,14.0,2602.0,"2,766"
Williams,Ohio,39171.0,14.4,3717.0,"2,695"
Brown,Ohio,39015.0,14.5,4435.0,"2,681"
Hocking,Ohio,39073.0,14.7,2933.0,"2,646"
Crawford,Ohio,39033.0,14.8,4344.0,"2,644"
Perry,Ohio,39127.0,14.8,3616.0,"2,636"
Guernsey,Ohio,39059.0,14.9,4010.0,"2,616"
Highland,Ohio,39071.0,15.2,4492.0,"2,585"
Adams,Ohio,39001.0,15.2,2860.0,"2,577"
Paulding,Ohio,39125.0,15.4,2004.0,"2,539"
Vinton,Ohio,39163.0,15.4,1398.0,"2,534"
Huron,Ohio,39077.0,15.5,6203.0,"2,519"
Ashtabula,Ohio,39007.0,15.7,10765.0,"2,496"
Jackson,Ohio,39079.0,15.9,3547.0,"2,462"
Darke,Ohio,39037.0,16.3,5755.0,"2,395"
Columbiana,Ohio,39029.0,16.5,12129.0,"2,364"
Coshocton,Ohio,39031.0,16.5,4164.0,"2,359"
Ross,Ohio,39141.0,16.5,9035.0,"2,356"
Morrow,Ohio,39117.0,16.9,4154.0,"2,295"
Van Wert,Ohio,39161.0,17.2,3423.0,"2,246"
Belmont,Ohio,39013.0,17.4,8516.0,"2,210"
Scioto,Ohio,39145.0,17.6,9019.0,"2,188"
Richland,Ohio,39139.0,17.8,15488.0,"2,157"
Henry,Ohio,39069.0,18.1,3462.0,"2,094"
Champaign,Ohio,39021.0,18.1,4938.0,"2,092"
Lawrence,Ohio,39087.0,18.2,7421.0,"2,087"
Gallia,Ohio,39053.0,18.2,3632.0,"2,081"
Fulton,Ohio,39051.0,18.3,5339.0,"2,056"
Sandusky,Ohio,39143.0,18.3,7617.0,"2,037"
Hardin,Ohio,39065.0,18.5,3438.0,"2,002"
Clark,Ohio,39023.0,18.6,17456.0,"1,971"
Preble,Ohio,39135.0,18.8,5412.0,"1,948"
Logan,Ohio,39091.0,18.9,6040.0,"1,944"
Seneca,Ohio,39147.0,18.9,6993.0,"1,943"
Defiance,Ohio,39039.0,18.9,4975.0,"1,929"
Allen,Ohio,39003.0,19.1,13108.0,"1,889"
Muskingum,Ohio,39119.0,19.3,11438.0,"1,853"
Jefferson,Ohio,39081.0,19.5,9021.0,"1,828"
Pickaway,Ohio,39129.0,19.6,8037.0,"1,807"
Tuscarawas,Ohio,39157.0,19.7,12626.0,"1,798"
Trumbull,Ohio,39155.0,20.0,28903.0,"1,731"
Mercer,Ohio,39107.0,20.4,5708.0,"1,666"
Madison,Ohio,39097.0,20.4,6477.0,"1,665"
Washington,Ohio,39167.0,20.5,8743.0,"1,648"
Clinton,Ohio,39027.0,20.6,5828.0,"1,624"
Shelby,Ohio,39149.0,20.7,6608.0,"1,617"
Auglaize,Ohio,39011.0,20.7,6528.0,"1,609"
Wyandot,Ohio,39175.0,21.2,3250.0,"1,532"
Ashland,Ohio,39005.0,21.9,7840.0,"1,437"
Knox,Ohio,39083.0,23.7,9762.0,"1,204"
Wayne,Ohio,39169.0,24.0,18427.0,"1,157"
Stark,Ohio,39151.0,24.1,63116.0,"1,149"
Miami,Ohio,39109.0,24.7,18592.0,"1,065"
Putnam,Ohio,39137.0,25.9,5952.0,963
Mahoning,Ohio,39099.0,26.2,42587.0,937
Erie,Ohio,39043.0,26.5,14360.0,913
Ottawa,Ohio,39123.0,26.9,8221.0,872
Lorain,Ohio,39093.0,27.2,59364.0,837
Lucas,Ohio,39095.0,28.0,81629.0,781
Hancock,Ohio,39063.0,28.5,14642.0,747
Licking,Ohio,39089.0,29.5,35872.0,692
Lake,Ohio,39085.0,29.9,50412.0,669
Montgomery,Ohio,39113.0,30.0,110293.0,667
Clermont,Ohio,39025.0,30.2,43833.0,652
Fairfield,Ohio,39045.0,31.1,33565.0,598
Portage,Ohio,39133.0,31.7,33722.0,563
Butler,Ohio,39017.0,31.9,79859.0,551
Athens,Ohio,39009.0,34.3,12379.0,425
Summit,Ohio,39153.0,34.6,131993.0,414
Cuyahoga,Ohio,39035.0,35.2,312892.0,390
Medina,Ohio,39103.0,35.9,46189.0,351
Wood,Ohio,39173.0,37.5,30906.0,306
Union,Ohio,39159.0,39.3,16922.0,244
Geauga,Ohio,39055.0,39.4,26021.0,243
Hamilton,Ohio,39061.0,40.3,225960.0,224
Greene,Ohio,39057.0,41.2,46842.0,204
Franklin,Ohio,39049.0,41.7,368534.0,198
Warren,Ohio,39165.0,44.7,73648.0,142
Pershing,Nevada,32027.0,10.1,504.0,"3,093"
Nye,Nevada,32023.0,12.5,5063.0,"2,904"
White Pine,Nevada,32033.0,13.3,895.0,"2,838"
Lander,Nevada,32015.0,14.0,541.0,"2,755"
Mineral,Nevada,32021.0,14.6,478.0,"2,664"
Eureka,Nevada,32011.0,15.2,169.0,"2,578"
Lincoln,Nevada,32017.0,15.3,489.0,"2,553"
Lyon,Nevada,32019.0,16.1,6937.0,"2,420"
Elko,Nevada,32007.0,17.0,5898.0,"2,281"
Churchill,Nevada,32001.0,17.6,3090.0,"2,176"
Humboldt,Nevada,32013.0,20.8,2360.0,"1,592"
Esmeralda,Nevada,32009.0,24.3,212.0,"1,128"
Carson,Nevada,32510.0,24.3,10205.0,"1,123"
Clark,Nevada,32003.0,26.4,411859.0,918
Douglas,Nevada,32005.0,31.3,12170.0,587
Storey,Nevada,32029.0,31.4,976.0,586
Dixie,Florida,12029.0,8.0,999.0,"3,129"
Lafayette,Florida,12067.0,8.1,474.0,"3,125"
Hamilton,Florida,12047.0,9.2,921.0,"3,114"
Union,Florida,12125.0,10.0,1113.0,"3,094"
Hardee,Florida,12049.0,10.4,1718.0,"3,080"
Hendry,Florida,12051.0,10.5,2684.0,"3,074"
Holmes,Florida,12059.0,11.0,1554.0,"3,043"
Calhoun,Florida,12013.0,11.1,1112.0,"3,038"
DeSoto,Florida,12027.0,11.6,2900.0,"2,984"
Washington,Florida,12133.0,12.4,2261.0,"2,914"
Madison,Florida,12079.0,13.0,1776.0,"2,875"
Glades,Florida,12043.0,13.0,1242.0,"2,872"
Bradford,Florida,12007.0,13.2,2653.0,"2,849"
Putnam,Florida,12107.0,13.3,7016.0,"2,832"
Jackson,Florida,12063.0,13.9,4837.0,"2,783"
Taylor,Florida,12123.0,13.9,2207.0,"2,775"
Baker,Florida,12003.0,14.1,2660.0,"2,738"
Gilchrist,Florida,12041.0,14.6,1887.0,"2,667"
Suwannee,Florida,12121.0,15.9,4942.0,"2,461"
Columbia,Florida,12023.0,16.0,7777.0,"2,432"
Levy,Florida,12075.0,16.1,5122.0,"2,421"
Okeechobee,Florida,12093.0,16.8,4773.0,"2,307"
Liberty,Florida,12077.0,16.8,929.0,"2,306"
Highlands,Florida,12055.0,18.3,14461.0,"2,053"
Jefferson,Florida,12065.0,19.5,2115.0,"1,825"
Gadsden,Florida,12039.0,19.7,6012.0,"1,802"
Citrus,Florida,12017.0,19.7,24367.0,"1,796"
Wakulla,Florida,12129.0,19.7,4796.0,"1,784"
Hernando,Florida,12053.0,20.0,29458.0,"1,734"
Franklin,Florida,12037.0,21.0,2033.0,"1,570"
Gulf,Florida,12045.0,21.4,2541.0,"1,502"
Polk,Florida,12105.0,21.4,109285.0,"1,493"
Marion,Florida,12083.0,22.0,61989.0,"1,428"
St. Lucie,Florida,12111.0,25.0,61248.0,"1,034"
Charlotte,Florida,12015.0,25.1,39640.0,"1,026"
Lake,Florida,12069.0,25.7,73720.0,982
Volusia,Florida,12127.0,26.2,108528.0,938
Osceola,Florida,12097.0,26.5,69440.0,908
Bay,Florida,12005.0,26.6,34466.0,901
Pasco,Florida,12101.0,27.1,111695.0,848
Clay,Florida,12019.0,27.6,41870.0,809
Escambia,Florida,12033.0,28.1,61257.0,777
Flagler,Florida,12035.0,28.4,25768.0,757
Santa Rosa,Florida,12113.0,29.9,39828.0,672
Lee,Florida,12071.0,30.1,175717.0,656
Nassau,Florida,12089.0,32.0,21711.0,544
Duval,Florida,12031.0,32.2,220273.0,527
Miami-Dade,Florida,12086.0,32.5,624330.0,508
Indian River,Florida,12061.0,32.7,41214.0,497
Manatee,Florida,12081.0,32.8,100646.0,490
Brevard,Florida,12009.0,32.9,149873.0,488
Walton,Florida,12131.0,33.1,18704.0,477
Okaloosa,Florida,12091.0,33.3,48582.0,469
Sumter,Florida,12119.0,33.7,39993.0,450
Broward,Florida,12011.0,34.9,483243.0,399
Pinellas,Florida,12103.0,35.1,261455.0,395
Martin,Florida,12085.0,35.1,43470.0,394
Hillsborough,Florida,12057.0,36.2,366052.0,344
Monroe,Florida,12087.0,36.3,23342.0,343
Orange,Florida,12095.0,37.4,360821.0,311
Sarasota,Florida,12115.0,38.3,135055.0,279
Collier,Florida,12021.0,38.7,113010.0,263
Palm Beach,Florida,12099.0,38.8,426118.0,261
Seminole,Florida,12117.0,41.7,139386.0,197
Alachua,Florida,12001.0,46.7,79056.0,115
St. Johns,Florida,12109.0,47.4,94156.0,109
