GeoFIPS,GeoName,Region,Description,2016,2017,2018,2019,2020
" ""04001""","Apache, AZ",6.0,Per capita personal income (dollars) 2/,31860.0,33915.0,35854.0,36833.0,42139.0
" ""04003""","Cochise, AZ",6.0,Per capita personal income (dollars) 2/,37190.0,38920.0,39635.0,41303.0,46814.0
" ""04005""","Coconino, AZ",6.0,Per capita personal income (dollars) 2/,43197.0,46032.0,47749.0,48886.0,52855.0
" ""04007""","Gila, AZ",6.0,Per capita personal income (dollars) 2/,35816.0,38383.0,39549.0,40579.0,44976.0
" ""04009""","Graham, AZ",6.0,Per capita personal income (dollars) 2/,28303.0,29834.0,31067.0,32043.0,35916.0
" ""04011""","Greenlee, AZ",6.0,Per capita personal income (dollars) 2/,32694.0,35574.0,39424.0,40631.0,43181.0
" ""04012""","La Paz, AZ*",6.0,Per capita personal income (dollars) 2/,36314.0,37117.0,38714.0,42546.0,46370.0
" ""04013""","Maricopa, AZ",6.0,Per capita personal income (dollars) 2/,44313.0,46402.0,48777.0,51603.0,56000.0
" ""04015""","Mohave, AZ",6.0,Per capita personal income (dollars) 2/,30598.0,32260.0,33657.0,35477.0,39023.0
" ""04017""","Navajo, AZ",6.0,Per capita personal income (dollars) 2/,29582.0,31149.0,32797.0,33484.0,38583.0
" ""04019""","Pima, AZ",6.0,Per capita personal income (dollars) 2/,39723.0,41950.0,43624.0,45493.0,49595.0
" ""04021""","Pinal, AZ",6.0,Per capita personal income (dollars) 2/,31214.0,32992.0,34758.0,37126.0,41052.0
" ""04023""","Santa Cruz, AZ",6.0,Per capita personal income (dollars) 2/,33104.0,35482.0,36930.0,38158.0,43157.0
" ""04025""","Yavapai, AZ",6.0,Per capita personal income (dollars) 2/,36834.0,39094.0,40738.0,42758.0,46886.0
" ""04027""","Yuma, AZ*",6.0,Per capita personal income (dollars) 2/,33033.0,34809.0,35266.0,36928.0,41995.0
" ""13001""","Appling, GA",5.0,Per capita personal income (dollars) 2/,31624.0,33085.0,33662.0,35623.0,39102.0
" ""13003""","Atkinson, GA",5.0,Per capita personal income (dollars) 2/,26857.0,29038.0,29212.0,30452.0,32354.0
" ""13005""","Bacon, GA",5.0,Per capita personal income (dollars) 2/,29742.0,31143.0,31302.0,32355.0,37401.0
" ""13007""","Baker, GA",5.0,Per capita personal income (dollars) 2/,34250.0,35424.0,37763.0,40596.0,44846.0
" ""13009""","Baldwin, GA",5.0,Per capita personal income (dollars) 2/,30778.0,32387.0,33125.0,34509.0,37565.0
" ""13011""","Banks, GA",5.0,Per capita personal income (dollars) 2/,34037.0,36627.0,37740.0,37714.0,39295.0
" ""13013""","Barrow, GA",5.0,Per capita personal income (dollars) 2/,34514.0,36018.0,37059.0,38355.0,41176.0
" ""13015""","Bartow, GA",5.0,Per capita personal income (dollars) 2/,35854.0,36745.0,38116.0,40186.0,43571.0
" ""13017""","Ben Hill, GA",5.0,Per capita personal income (dollars) 2/,28471.0,28784.0,30300.0,31676.0,34856.0
" ""13019""","Berrien, GA",5.0,Per capita personal income (dollars) 2/,30601.0,32135.0,32668.0,34223.0,37733.0
" ""13021""","Bibb, GA",5.0,Per capita personal income (dollars) 2/,37070.0,38312.0,39186.0,39976.0,43268.0
" ""13023""","Bleckley, GA",5.0,Per capita personal income (dollars) 2/,32148.0,33545.0,34197.0,35621.0,39027.0
" ""13025""","Brantley, GA",5.0,Per capita personal income (dollars) 2/,26995.0,27096.0,28296.0,29013.0,32682.0
" ""13027""","Brooks, GA",5.0,Per capita personal income (dollars) 2/,31335.0,32301.0,33202.0,34693.0,37618.0
" ""13029""","Bryan, GA",5.0,Per capita personal income (dollars) 2/,46719.0,46815.0,49035.0,49004.0,51811.0
" ""13031""","Bulloch, GA",5.0,Per capita personal income (dollars) 2/,30206.0,31031.0,32008.0,32743.0,35903.0
" ""13033""","Burke, GA",5.0,Per capita personal income (dollars) 2/,31574.0,32427.0,32846.0,35600.0,39284.0
" ""13035""","Butts, GA",5.0,Per capita personal income (dollars) 2/,30873.0,32430.0,33952.0,35357.0,37357.0
" ""13037""","Calhoun, GA",5.0,Per capita personal income (dollars) 2/,25013.0,26298.0,25973.0,29188.0,31925.0
" ""13039""","Camden, GA",5.0,Per capita personal income (dollars) 2/,34285.0,35547.0,36043.0,36805.0,39457.0
" ""13043""","Candler, GA",5.0,Per capita personal income (dollars) 2/,28710.0,30878.0,31919.0,33842.0,36555.0
" ""13045""","Carroll, GA",5.0,Per capita personal income (dollars) 2/,36141.0,37493.0,38860.0,40655.0,44587.0
" ""13047""","Catoosa, GA",5.0,Per capita personal income (dollars) 2/,32545.0,33750.0,34783.0,36032.0,39048.0
" ""13049""","Charlton, GA",5.0,Per capita personal income (dollars) 2/,23918.0,25349.0,25844.0,26553.0,28970.0
" ""13051""","Chatham, GA",5.0,Per capita personal income (dollars) 2/,42440.0,44388.0,46079.0,47065.0,51430.0
" ""13053""","Chattahoochee, GA",5.0,Per capita personal income (dollars) 2/,32210.0,33895.0,32352.0,31691.0,34510.0
" ""13055""","Chattooga, GA",5.0,Per capita personal income (dollars) 2/,28038.0,29514.0,30169.0,31074.0,33790.0
" ""13057""","Cherokee, GA",5.0,Per capita personal income (dollars) 2/,48357.0,49713.0,51282.0,53570.0,56600.0
" ""13059""","Clarke, GA",5.0,Per capita personal income (dollars) 2/,31008.0,31887.0,33046.0,34860.0,37883.0
" ""13061""","Clay, GA",5.0,Per capita personal income (dollars) 2/,30051.0,30883.0,32511.0,33407.0,39127.0
" ""13063""","Clayton, GA",5.0,Per capita personal income (dollars) 2/,26135.0,26322.0,26983.0,28071.0,32051.0
" ""13065""","Clinch, GA",5.0,Per capita personal income (dollars) 2/,34135.0,34809.0,35782.0,37955.0,41020.0
" ""13067""","Cobb, GA",5.0,Per capita personal income (dollars) 2/,51713.0,55137.0,57447.0,59651.0,62367.0
" ""13069""","Coffee, GA",5.0,Per capita personal income (dollars) 2/,29296.0,31161.0,31804.0,32683.0,35535.0
" ""13071""","Colquitt, GA",5.0,Per capita personal income (dollars) 2/,29857.0,31960.0,32490.0,33635.0,37679.0
" ""13073""","Columbia, GA",5.0,Per capita personal income (dollars) 2/,47716.0,48800.0,50406.0,52459.0,55657.0
" ""13075""","Cook, GA",5.0,Per capita personal income (dollars) 2/,29841.0,30866.0,32271.0,33335.0,36336.0
" ""13077""","Coweta, GA",5.0,Per capita personal income (dollars) 2/,44189.0,45969.0,48226.0,50281.0,53620.0
" ""13079""","Crawford, GA",5.0,Per capita personal income (dollars) 2/,31937.0,33640.0,34140.0,34652.0,36813.0
" ""13081""","Crisp, GA",5.0,Per capita personal income (dollars) 2/,31311.0,33420.0,34608.0,37161.0,41930.0
" ""13083""","Dade, GA",5.0,Per capita personal income (dollars) 2/,31568.0,33350.0,35257.0,35063.0,37786.0
" ""13085""","Dawson, GA",5.0,Per capita personal income (dollars) 2/,42579.0,43878.0,45767.0,48452.0,50853.0
" ""13087""","Decatur, GA",5.0,Per capita personal income (dollars) 2/,31059.0,31292.0,32799.0,33913.0,37424.0
" ""13089""","DeKalb, GA",5.0,Per capita personal income (dollars) 2/,45269.0,48721.0,51287.0,52623.0,56200.0
" ""13091""","Dodge, GA",5.0,Per capita personal income (dollars) 2/,28642.0,30017.0,30692.0,31836.0,34535.0
" ""13093""","Dooly, GA",5.0,Per capita personal income (dollars) 2/,30766.0,33217.0,34061.0,37950.0,40540.0
" ""13095""","Dougherty, GA",5.0,Per capita personal income (dollars) 2/,33059.0,33692.0,34395.0,36363.0,40991.0
" ""13097""","Douglas, GA",5.0,Per capita personal income (dollars) 2/,33794.0,34697.0,35921.0,37187.0,40879.0
" ""13099""","Early, GA",5.0,Per capita personal income (dollars) 2/,33214.0,33353.0,33898.0,37198.0,40366.0
" ""13101""","Echols, GA",5.0,Per capita personal income (dollars) 2/,26021.0,28494.0,29814.0,29706.0,33343.0
" ""13103""","Effingham, GA",5.0,Per capita personal income (dollars) 2/,38885.0,40675.0,41982.0,42068.0,44881.0
" ""13105""","Elbert, GA",5.0,Per capita personal income (dollars) 2/,32793.0,34374.0,35056.0,35172.0,38755.0
" ""13107""","Emanuel, GA",5.0,Per capita personal income (dollars) 2/,29658.0,31618.0,31409.0,33209.0,37908.0
" ""13109""","Evans, GA",5.0,Per capita personal income (dollars) 2/,32264.0,32831.0,33272.0,33698.0,36914.0
" ""13111""","Fannin, GA",5.0,Per capita personal income (dollars) 2/,33683.0,36029.0,37672.0,40186.0,42955.0
" ""13113""","Fayette, GA",5.0,Per capita personal income (dollars) 2/,57696.0,60008.0,64030.0,64967.0,68922.0
" ""13115""","Floyd, GA",5.0,Per capita personal income (dollars) 2/,35514.0,36165.0,37439.0,38724.0,40857.0
" ""13117""","Forsyth, GA",5.0,Per capita personal income (dollars) 2/,60477.0,61424.0,62660.0,65839.0,68471.0
" ""13119""","Franklin, GA",5.0,Per capita personal income (dollars) 2/,33923.0,35236.0,35728.0,35346.0,35978.0
" ""13121""","Fulton, GA",5.0,Per capita personal income (dollars) 2/,77349.0,83377.0,87609.0,93309.0,93399.0
" ""13123""","Gilmer, GA",5.0,Per capita personal income (dollars) 2/,32978.0,34525.0,35678.0,36851.0,38413.0
" ""13125""","Glascock, GA",5.0,Per capita personal income (dollars) 2/,32827.0,33085.0,33924.0,35405.0,38916.0
" ""13127""","Glynn, GA",5.0,Per capita personal income (dollars) 2/,41822.0,44105.0,46786.0,47885.0,52623.0
" ""13129""","Gordon, GA",5.0,Per capita personal income (dollars) 2/,32777.0,36054.0,35220.0,36417.0,38180.0
" ""13131""","Grady, GA",5.0,Per capita personal income (dollars) 2/,29507.0,30564.0,30929.0,31878.0,35389.0
" ""13133""","Greene, GA",5.0,Per capita personal income (dollars) 2/,50384.0,54383.0,58687.0,60776.0,64277.0
" ""13135""","Gwinnett, GA",5.0,Per capita personal income (dollars) 2/,38541.0,39650.0,41191.0,42778.0,46112.0
" ""13137""","Habersham, GA",5.0,Per capita personal income (dollars) 2/,31801.0,32833.0,33989.0,34877.0,36955.0
" ""13139""","Hall, GA",5.0,Per capita personal income (dollars) 2/,40379.0,42741.0,45109.0,46326.0,49283.0
" ""13141""","Hancock, GA",5.0,Per capita personal income (dollars) 2/,26457.0,27664.0,29406.0,30672.0,33359.0
" ""13143""","Haralson, GA",5.0,Per capita personal income (dollars) 2/,34103.0,35192.0,36521.0,38095.0,40557.0
" ""13145""","Harris, GA",5.0,Per capita personal income (dollars) 2/,44928.0,46331.0,48610.0,49915.0,53152.0
" ""13147""","Hart, GA",5.0,Per capita personal income (dollars) 2/,34224.0,36458.0,38221.0,39045.0,41271.0
" ""13149""","Heard, GA",5.0,Per capita personal income (dollars) 2/,30142.0,31327.0,32449.0,34126.0,36259.0
" ""13151""","Henry, GA",5.0,Per capita personal income (dollars) 2/,36968.0,37818.0,39036.0,39753.0,43563.0
" ""13153""","Houston, GA",5.0,Per capita personal income (dollars) 2/,39444.0,40565.0,41682.0,42862.0,45484.0
" ""13155""","Irwin, GA",5.0,Per capita personal income (dollars) 2/,30261.0,31169.0,32182.0,34371.0,37260.0
" ""13157""","Jackson, GA",5.0,Per capita personal income (dollars) 2/,39400.0,40982.0,42791.0,44001.0,46597.0
" ""13159""","Jasper, GA",5.0,Per capita personal income (dollars) 2/,35138.0,38630.0,37062.0,39465.0,42240.0
" ""13161""","Jeff Davis, GA",5.0,Per capita personal income (dollars) 2/,28550.0,28718.0,30239.0,31923.0,34951.0
" ""13163""","Jefferson, GA",5.0,Per capita personal income (dollars) 2/,30447.0,32079.0,32088.0,33796.0,38530.0
" ""13165""","Jenkins, GA",5.0,Per capita personal income (dollars) 2/,28166.0,28691.0,29223.0,31213.0,35493.0
" ""13167""","Johnson, GA",5.0,Per capita personal income (dollars) 2/,24519.0,25087.0,25869.0,27476.0,30809.0
" ""13169""","Jones, GA",5.0,Per capita personal income (dollars) 2/,35172.0,36576.0,37425.0,38426.0,40505.0
" ""13171""","Lamar, GA",5.0,Per capita personal income (dollars) 2/,31512.0,32877.0,34044.0,35738.0,38036.0
" ""13173""","Lanier, GA",5.0,Per capita personal income (dollars) 2/,26118.0,27686.0,29248.0,30667.0,33181.0
" ""13175""","Laurens, GA",5.0,Per capita personal income (dollars) 2/,33806.0,34703.0,36143.0,36822.0,40174.0
" ""13177""","Lee, GA",5.0,Per capita personal income (dollars) 2/,40975.0,42205.0,42877.0,43621.0,47096.0
" ""13179""","Liberty, GA",5.0,Per capita personal income (dollars) 2/,32433.0,33549.0,35568.0,35250.0,37860.0
" ""13181""","Lincoln, GA",5.0,Per capita personal income (dollars) 2/,35098.0,36563.0,37396.0,40416.0,44684.0
" ""13183""","Long, GA",5.0,Per capita personal income (dollars) 2/,29954.0,31136.0,32418.0,33614.0,36265.0
" ""13185""","Lowndes, GA",5.0,Per capita personal income (dollars) 2/,34449.0,35453.0,36831.0,37719.0,41443.0
" ""13187""","Lumpkin, GA",5.0,Per capita personal income (dollars) 2/,35496.0,36471.0,38435.0,39615.0,41686.0
" ""13189""","McDuffie, GA",5.0,Per capita personal income (dollars) 2/,33011.0,34418.0,35050.0,37346.0,41213.0
" ""13191""","McIntosh, GA",5.0,Per capita personal income (dollars) 2/,33656.0,35484.0,38544.0,39980.0,44564.0
" ""13193""","Macon, GA",5.0,Per capita personal income (dollars) 2/,29684.0,32004.0,30870.0,33090.0,36031.0
" ""13195""","Madison, GA",5.0,Per capita personal income (dollars) 2/,34501.0,36183.0,36966.0,38366.0,39237.0
" ""13197""","Marion, GA",5.0,Per capita personal income (dollars) 2/,28195.0,30030.0,31953.0,32680.0,35477.0
" ""13199""","Meriwether, GA",5.0,Per capita personal income (dollars) 2/,32546.0,33503.0,34963.0,36761.0,40521.0
" ""13201""","Miller, GA",5.0,Per capita personal income (dollars) 2/,35916.0,37803.0,41660.0,44597.0,47676.0
" ""13205""","Mitchell, GA",5.0,Per capita personal income (dollars) 2/,32359.0,33802.0,33757.0,36120.0,40798.0
" ""13207""","Monroe, GA",5.0,Per capita personal income (dollars) 2/,41474.0,42855.0,44493.0,46223.0,48331.0
" ""13209""","Montgomery, GA",5.0,Per capita personal income (dollars) 2/,29841.0,30008.0,30156.0,30978.0,34898.0
" ""13211""","Morgan, GA",5.0,Per capita personal income (dollars) 2/,44047.0,47376.0,49280.0,50919.0,53512.0
" ""13213""","Murray, GA",5.0,Per capita personal income (dollars) 2/,28179.0,29359.0,30348.0,31227.0,33618.0
" ""13215""","Muscogee, GA",5.0,Per capita personal income (dollars) 2/,38768.0,39997.0,41052.0,41438.0,44110.0
" ""13217""","Newton, GA",5.0,Per capita personal income (dollars) 2/,31958.0,32798.0,33978.0,34971.0,38557.0
" ""13219""","Oconee, GA",5.0,Per capita personal income (dollars) 2/,58554.0,62547.0,64653.0,66302.0,70139.0
" ""13221""","Oglethorpe, GA",5.0,Per capita personal income (dollars) 2/,35591.0,37246.0,37387.0,38309.0,39678.0
" ""13223""","Paulding, GA",5.0,Per capita personal income (dollars) 2/,36054.0,37389.0,38803.0,40387.0,43230.0
" ""13225""","Peach, GA",5.0,Per capita personal income (dollars) 2/,35152.0,36846.0,36636.0,38314.0,41071.0
" ""13227""","Pickens, GA",5.0,Per capita personal income (dollars) 2/,44304.0,45941.0,47042.0,49079.0,51501.0
" ""13229""","Pierce, GA",5.0,Per capita personal income (dollars) 2/,33337.0,34695.0,35208.0,36854.0,40096.0
" ""13231""","Pike, GA",5.0,Per capita personal income (dollars) 2/,37597.0,38501.0,40257.0,42162.0,44542.0
" ""13233""","Polk, GA",5.0,Per capita personal income (dollars) 2/,30580.0,30839.0,32064.0,33335.0,36134.0
" ""13235""","Pulaski, GA",5.0,Per capita personal income (dollars) 2/,30451.0,32659.0,34019.0,34958.0,37418.0
" ""13237""","Putnam, GA",5.0,Per capita personal income (dollars) 2/,39122.0,41238.0,44100.0,45112.0,49042.0
" ""13239""","Quitman, GA",5.0,Per capita personal income (dollars) 2/,27966.0,28931.0,31280.0,32642.0,39840.0
" ""13241""","Rabun, GA",5.0,Per capita personal income (dollars) 2/,39107.0,41003.0,41032.0,42806.0,45603.0
" ""13243""","Randolph, GA",5.0,Per capita personal income (dollars) 2/,29726.0,31615.0,32912.0,35476.0,40426.0
" ""13245""","Richmond, GA",5.0,Per capita personal income (dollars) 2/,33814.0,35364.0,36387.0,37618.0,41200.0
" ""13247""","Rockdale, GA",5.0,Per capita personal income (dollars) 2/,32937.0,33242.0,34152.0,35473.0,39171.0
" ""13249""","Schley, GA",5.0,Per capita personal income (dollars) 2/,31095.0,33021.0,35546.0,36416.0,40072.0
" ""13251""","Screven, GA",5.0,Per capita personal income (dollars) 2/,31157.0,32567.0,33437.0,34374.0,37682.0
" ""13253""","Seminole, GA",5.0,Per capita personal income (dollars) 2/,36519.0,37070.0,37068.0,40827.0,45054.0
" ""13255""","Spalding, GA",5.0,Per capita personal income (dollars) 2/,32695.0,33024.0,34078.0,35717.0,38499.0
" ""13257""","Stephens, GA",5.0,Per capita personal income (dollars) 2/,34688.0,35871.0,35927.0,36213.0,39374.0
" ""13259""","Stewart, GA",5.0,Per capita personal income (dollars) 2/,23892.0,24692.0,26179.0,27809.0,30903.0
" ""13261""","Sumter, GA",5.0,Per capita personal income (dollars) 2/,32727.0,34521.0,34745.0,36757.0,40142.0
" ""13263""","Talbot, GA",5.0,Per capita personal income (dollars) 2/,33903.0,35724.0,35650.0,37822.0,43382.0
" ""13265""","Taliaferro, GA",5.0,Per capita personal income (dollars) 2/,30694.0,32764.0,32828.0,37972.0,38187.0
" ""13267""","Tattnall, GA",5.0,Per capita personal income (dollars) 2/,28611.0,30505.0,30461.0,31177.0,30908.0
" ""13269""","Taylor, GA",5.0,Per capita personal income (dollars) 2/,31176.0,29660.0,31212.0,33105.0,35148.0
" ""13271""","Telfair, GA",5.0,Per capita personal income (dollars) 2/,23057.0,24006.0,24758.0,25476.0,27938.0
" ""13273""","Terrell, GA",5.0,Per capita personal income (dollars) 2/,35024.0,35445.0,36540.0,39240.0,42818.0
" ""13275""","Thomas, GA",5.0,Per capita personal income (dollars) 2/,39272.0,41126.0,43163.0,43752.0,47526.0
" ""13277""","Tift, GA",5.0,Per capita personal income (dollars) 2/,34466.0,35112.0,36516.0,37669.0,41573.0
" ""13279""","Toombs, GA",5.0,Per capita personal income (dollars) 2/,33345.0,33561.0,34509.0,35352.0,39597.0
" ""13281""","Towns, GA",5.0,Per capita personal income (dollars) 2/,34715.0,36165.0,37483.0,39919.0,44299.0
" ""13283""","Treutlen, GA",5.0,Per capita personal income (dollars) 2/,28337.0,29977.0,30156.0,31717.0,34610.0
" ""13285""","Troup, GA",5.0,Per capita personal income (dollars) 2/,34421.0,34700.0,35626.0,37362.0,41272.0
" ""13287""","Turner, GA",5.0,Per capita personal income (dollars) 2/,29665.0,30352.0,30097.0,32750.0,34116.0
" ""13289""","Twiggs, GA",5.0,Per capita personal income (dollars) 2/,35867.0,37646.0,40819.0,39255.0,41274.0
" ""13291""","Union, GA",5.0,Per capita personal income (dollars) 2/,35304.0,36781.0,37622.0,39231.0,41836.0
" ""13293""","Upson, GA",5.0,Per capita personal income (dollars) 2/,32257.0,32490.0,33542.0,35342.0,37408.0
" ""13295""","Walker, GA",5.0,Per capita personal income (dollars) 2/,31192.0,32447.0,33663.0,35069.0,37755.0
" ""13297""","Walton, GA",5.0,Per capita personal income (dollars) 2/,37392.0,39072.0,40616.0,43063.0,46020.0
" ""13299""","Ware, GA",5.0,Per capita personal income (dollars) 2/,31200.0,32175.0,32668.0,33268.0,36387.0
" ""13301""","Warren, GA",5.0,Per capita personal income (dollars) 2/,31637.0,32792.0,34200.0,35624.0,40135.0
" ""13303""","Washington, GA",5.0,Per capita personal income (dollars) 2/,32699.0,34192.0,34840.0,35161.0,39947.0
" ""13305""","Wayne, GA",5.0,Per capita personal income (dollars) 2/,28526.0,29682.0,31165.0,32359.0,34891.0
" ""13307""","Webster, GA",5.0,Per capita personal income (dollars) 2/,32048.0,34070.0,34635.0,37805.0,40094.0
" ""13309""","Wheeler, GA",5.0,Per capita personal income (dollars) 2/,18147.0,19021.0,19052.0,19694.0,22481.0
" ""13311""","White, GA",5.0,Per capita personal income (dollars) 2/,35178.0,37350.0,38700.0,40498.0,43656.0
" ""13313""","Whitfield, GA",5.0,Per capita personal income (dollars) 2/,35776.0,36279.0,38526.0,40194.0,42985.0
" ""13315""","Wilcox, GA",5.0,Per capita personal income (dollars) 2/,24793.0,26468.0,26191.0,28125.0,28723.0
" ""13317""","Wilkes, GA",5.0,Per capita personal income (dollars) 2/,38073.0,40215.0,40780.0,41580.0,42700.0
" ""13319""","Wilkinson, GA",5.0,Per capita personal income (dollars) 2/,33493.0,34034.0,35155.0,36003.0,39585.0
" ""13321""","Worth, GA",5.0,Per capita personal income (dollars) 2/,30757.0,31977.0,33134.0,35033.0,38123.0
" ""26001""","Alcona, MI",3.0,Per capita personal income (dollars) 2/,35241.0,37377.0,39566.0,41335.0,45685.0
" ""26003""","Alger, MI",3.0,Per capita personal income (dollars) 2/,31270.0,32167.0,33623.0,34391.0,38395.0
" ""26005""","Allegan, MI",3.0,Per capita personal income (dollars) 2/,40788.0,42230.0,44303.0,45212.0,50120.0
" ""26007""","Alpena, MI",3.0,Per capita personal income (dollars) 2/,37212.0,38577.0,39251.0,40402.0,45014.0
" ""26009""","Antrim, MI",3.0,Per capita personal income (dollars) 2/,43145.0,44455.0,46050.0,48026.0,51945.0
" ""26011""","Arenac, MI",3.0,Per capita personal income (dollars) 2/,34392.0,35455.0,37002.0,39590.0,44537.0
" ""26013""","Baraga, MI",3.0,Per capita personal income (dollars) 2/,30666.0,31347.0,32310.0,34046.0,39256.0
" ""26015""","Barry, MI",3.0,Per capita personal income (dollars) 2/,41408.0,42170.0,43985.0,45521.0,49080.0
" ""26017""","Bay, MI",3.0,Per capita personal income (dollars) 2/,39041.0,39448.0,41712.0,42669.0,46668.0
" ""26019""","Benzie, MI",3.0,Per capita personal income (dollars) 2/,39953.0,41869.0,43373.0,45644.0,52227.0
" ""26021""","Berrien, MI",3.0,Per capita personal income (dollars) 2/,43671.0,44636.0,46881.0,49239.0,53954.0
" ""26023""","Branch, MI",3.0,Per capita personal income (dollars) 2/,32816.0,34251.0,35230.0,36049.0,40159.0
" ""26025""","Calhoun, MI",3.0,Per capita personal income (dollars) 2/,37374.0,37994.0,38854.0,40018.0,43929.0
" ""26027""","Cass, MI",3.0,Per capita personal income (dollars) 2/,40998.0,42440.0,44282.0,45044.0,50481.0
" ""26029""","Charlevoix, MI",3.0,Per capita personal income (dollars) 2/,47118.0,49036.0,51779.0,52913.0,58260.0
" ""26031""","Cheboygan, MI",3.0,Per capita personal income (dollars) 2/,35892.0,37263.0,38195.0,39974.0,45526.0
" ""26033""","Chippewa, MI",3.0,Per capita personal income (dollars) 2/,31376.0,32300.0,33523.0,34913.0,39613.0
" ""26035""","Clare, MI",3.0,Per capita personal income (dollars) 2/,32120.0,33059.0,34194.0,35016.0,39563.0
" ""26037""","Clinton, MI",3.0,Per capita personal income (dollars) 2/,43136.0,44355.0,45925.0,47548.0,51022.0
" ""26039""","Crawford, MI",3.0,Per capita personal income (dollars) 2/,33022.0,34118.0,36483.0,37004.0,41677.0
" ""26041""","Delta, MI",3.0,Per capita personal income (dollars) 2/,36142.0,37092.0,38192.0,39568.0,43599.0
" ""26043""","Dickinson, MI",3.0,Per capita personal income (dollars) 2/,42840.0,44805.0,46707.0,46238.0,50493.0
" ""26045""","Eaton, MI",3.0,Per capita personal income (dollars) 2/,39759.0,40904.0,42254.0,43536.0,47714.0
" ""26047""","Emmet, MI",3.0,Per capita personal income (dollars) 2/,51020.0,52466.0,54706.0,57299.0,62252.0
" ""26049""","Genesee, MI",3.0,Per capita personal income (dollars) 2/,37706.0,38729.0,40158.0,41656.0,45413.0
" ""26051""","Gladwin, MI",3.0,Per capita personal income (dollars) 2/,33514.0,35057.0,36449.0,38396.0,41743.0
" ""26053""","Gogebic, MI",3.0,Per capita personal income (dollars) 2/,36566.0,35859.0,38169.0,41816.0,45658.0
" ""26055""","Grand Traverse, MI",3.0,Per capita personal income (dollars) 2/,45087.0,47485.0,49329.0,51352.0,55872.0
" ""26057""","Gratiot, MI",3.0,Per capita personal income (dollars) 2/,33620.0,34369.0,35625.0,36073.0,41228.0
" ""26059""","Hillsdale, MI",3.0,Per capita personal income (dollars) 2/,33216.0,33733.0,35187.0,35742.0,39678.0
" ""26061""","Houghton, MI",3.0,Per capita personal income (dollars) 2/,33421.0,33737.0,35297.0,36675.0,39738.0
" ""26063""","Huron, MI",3.0,Per capita personal income (dollars) 2/,41268.0,42419.0,43828.0,44618.0,51548.0
" ""26065""","Ingham, MI",3.0,Per capita personal income (dollars) 2/,37695.0,38724.0,40275.0,41876.0,46392.0
" ""26067""","Ionia, MI",3.0,Per capita personal income (dollars) 2/,31055.0,32090.0,33626.0,34294.0,37982.0
" ""26069""","Iosco, MI",3.0,Per capita personal income (dollars) 2/,33926.0,35135.0,36422.0,39111.0,43735.0
" ""26071""","Iron, MI",3.0,Per capita personal income (dollars) 2/,40159.0,40992.0,41898.0,43820.0,46460.0
" ""26073""","Isabella, MI",3.0,Per capita personal income (dollars) 2/,34005.0,35107.0,36951.0,38754.0,43313.0
" ""26075""","Jackson, MI",3.0,Per capita personal income (dollars) 2/,36495.0,37110.0,38538.0,39418.0,43450.0
" ""26077""","Kalamazoo, MI",3.0,Per capita personal income (dollars) 2/,45469.0,46430.0,48346.0,50136.0,54892.0
" ""26079""","Kalkaska, MI",3.0,Per capita personal income (dollars) 2/,33219.0,33701.0,34925.0,36149.0,40485.0
" ""26081""","Kent, MI",3.0,Per capita personal income (dollars) 2/,49870.0,50040.0,52058.0,53808.0,59032.0
" ""26083""","Keweenaw, MI",3.0,Per capita personal income (dollars) 2/,43617.0,45655.0,47536.0,50131.0,54661.0
" ""26085""","Lake, MI",3.0,Per capita personal income (dollars) 2/,29255.0,29778.0,31739.0,32792.0,37828.0
" ""26087""","Lapeer, MI",3.0,Per capita personal income (dollars) 2/,39167.0,41136.0,42917.0,44073.0,48754.0
" ""26089""","Leelanau, MI",3.0,Per capita personal income (dollars) 2/,59473.0,61020.0,64576.0,68077.0,73107.0
" ""26091""","Lenawee, MI",3.0,Per capita personal income (dollars) 2/,36484.0,37025.0,38918.0,40110.0,44127.0
" ""26093""","Livingston, MI",3.0,Per capita personal income (dollars) 2/,53627.0,55642.0,57101.0,58607.0,62009.0
" ""26095""","Luce, MI",3.0,Per capita personal income (dollars) 2/,31539.0,32682.0,33985.0,35005.0,33556.0
" ""26097""","Mackinac, MI",3.0,Per capita personal income (dollars) 2/,40406.0,41492.0,42709.0,44022.0,49458.0
" ""26099""","Macomb, MI",3.0,Per capita personal income (dollars) 2/,42981.0,44011.0,45752.0,46887.0,51113.0
" ""26101""","Manistee, MI",3.0,Per capita personal income (dollars) 2/,36049.0,37166.0,38628.0,39603.0,43374.0
" ""26103""","Marquette, MI",3.0,Per capita personal income (dollars) 2/,36862.0,37456.0,38820.0,40021.0,44168.0
" ""26105""","Mason, MI",3.0,Per capita personal income (dollars) 2/,37752.0,38711.0,40234.0,41167.0,45611.0
" ""26107""","Mecosta, MI",3.0,Per capita personal income (dollars) 2/,32945.0,34742.0,35798.0,36886.0,40805.0
" ""26109""","Menominee, MI",3.0,Per capita personal income (dollars) 2/,38000.0,39858.0,41274.0,41152.0,44318.0
" ""26111""","Midland, MI",3.0,Per capita personal income (dollars) 2/,50967.0,57210.0,52997.0,54119.0,57467.0
" ""26113""","Missaukee, MI",3.0,Per capita personal income (dollars) 2/,32024.0,33992.0,34689.0,36363.0,41001.0
" ""26115""","Monroe, MI",3.0,Per capita personal income (dollars) 2/,42785.0,44470.0,46013.0,47340.0,49899.0
" ""26117""","Montcalm, MI",3.0,Per capita personal income (dollars) 2/,31163.0,32058.0,32913.0,34301.0,37880.0
" ""26119""","Montmorency, MI",3.0,Per capita personal income (dollars) 2/,35089.0,35672.0,37220.0,38027.0,42531.0
" ""26121""","Muskegon, MI",3.0,Per capita personal income (dollars) 2/,35355.0,36360.0,37621.0,39247.0,44329.0
" ""26123""","Newaygo, MI",3.0,Per capita personal income (dollars) 2/,35363.0,36158.0,36490.0,37530.0,41718.0
" ""26125""","Oakland, MI",3.0,Per capita personal income (dollars) 2/,65299.0,67624.0,70169.0,71814.0,76020.0
" ""26127""","Oceana, MI",3.0,Per capita personal income (dollars) 2/,34894.0,35704.0,37437.0,38754.0,42920.0
" ""26129""","Ogemaw, MI",3.0,Per capita personal income (dollars) 2/,31744.0,32915.0,34745.0,34631.0,39336.0
" ""26131""","Ontonagon, MI",3.0,Per capita personal income (dollars) 2/,36582.0,36965.0,37989.0,40015.0,44618.0
" ""26133""","Osceola, MI",3.0,Per capita personal income (dollars) 2/,34188.0,34804.0,36665.0,39047.0,42946.0
" ""26135""","Oscoda, MI",3.0,Per capita personal income (dollars) 2/,31451.0,32678.0,33901.0,34612.0,37421.0
" ""26137""","Otsego, MI",3.0,Per capita personal income (dollars) 2/,36812.0,37810.0,39517.0,40941.0,45767.0
" ""26139""","Ottawa, MI",3.0,Per capita personal income (dollars) 2/,44589.0,46466.0,47845.0,49177.0,53569.0
" ""26141""","Presque Isle, MI",3.0,Per capita personal income (dollars) 2/,35467.0,36721.0,38877.0,39659.0,44401.0
" ""26143""","Roscommon, MI",3.0,Per capita personal income (dollars) 2/,34398.0,35151.0,36545.0,37849.0,42636.0
" ""26145""","Saginaw, MI",3.0,Per capita personal income (dollars) 2/,36315.0,37044.0,39522.0,40852.0,45597.0
" ""26147""","St. Clair, MI",3.0,Per capita personal income (dollars) 2/,40455.0,41828.0,43664.0,45143.0,50004.0
" ""26149""","St. Joseph, MI",3.0,Per capita personal income (dollars) 2/,35087.0,37002.0,37672.0,38406.0,42846.0
" ""26151""","Sanilac, MI",3.0,Per capita personal income (dollars) 2/,34793.0,36041.0,37443.0,37943.0,43824.0
" ""26153""","Schoolcraft, MI",3.0,Per capita personal income (dollars) 2/,36786.0,38247.0,39849.0,40551.0,45285.0
" ""26155""","Shiawassee, MI",3.0,Per capita personal income (dollars) 2/,36296.0,37488.0,39016.0,40558.0,44611.0
" ""26157""","Tuscola, MI",3.0,Per capita personal income (dollars) 2/,34473.0,35013.0,36057.0,37233.0,41661.0
" ""26159""","Van Buren, MI",3.0,Per capita personal income (dollars) 2/,38261.0,38992.0,40416.0,41553.0,45567.0
" ""26161""","Washtenaw, MI",3.0,Per capita personal income (dollars) 2/,53259.0,55489.0,57761.0,60743.0,63356.0
" ""26163""","Wayne, MI",3.0,Per capita personal income (dollars) 2/,38992.0,39328.0,41433.0,42853.0,46906.0
" ""26165""","Wexford, MI",3.0,Per capita personal income (dollars) 2/,33893.0,34958.0,35926.0,37590.0,41618.0
" ""42001""","Adams, PA",2.0,Per capita personal income (dollars) 2/,44732.0,45876.0,47809.0,48859.0,52997.0
" ""42003""","Allegheny, PA",2.0,Per capita personal income (dollars) 2/,53382.0,56336.0,60347.0,62325.0,65935.0
" ""42005""","Armstrong, PA",2.0,Per capita personal income (dollars) 2/,39090.0,40755.0,43447.0,45412.0,50085.0
" ""42007""","Beaver, PA",2.0,Per capita personal income (dollars) 2/,42976.0,44184.0,46708.0,48555.0,52761.0
" ""42009""","Bedford, PA",2.0,Per capita personal income (dollars) 2/,37553.0,39402.0,40911.0,42410.0,45865.0
" ""42011""","Berks, PA",2.0,Per capita personal income (dollars) 2/,45054.0,46271.0,48187.0,49924.0,54337.0
" ""42013""","Blair, PA",2.0,Per capita personal income (dollars) 2/,41604.0,42754.0,44979.0,46381.0,50793.0
" ""42015""","Bradford, PA",2.0,Per capita personal income (dollars) 2/,36907.0,38779.0,40194.0,42945.0,45162.0
" ""42017""","Bucks, PA",2.0,Per capita personal income (dollars) 2/,66113.0,67995.0,71265.0,74183.0,78442.0
" ""42019""","Butler, PA",2.0,Per capita personal income (dollars) 2/,52839.0,54421.0,56633.0,59073.0,62871.0
" ""42021""","Cambria, PA",2.0,Per capita personal income (dollars) 2/,38031.0,38943.0,41411.0,42813.0,46181.0
" ""42023""","Cameron, PA",2.0,Per capita personal income (dollars) 2/,42820.0,43429.0,45623.0,45824.0,50723.0
" ""42025""","Carbon, PA",2.0,Per capita personal income (dollars) 2/,47254.0,48082.0,50741.0,55113.0,58817.0
" ""42027""","Centre, PA",2.0,Per capita personal income (dollars) 2/,42939.0,44940.0,46187.0,48134.0,51930.0
" ""42029""","Chester, PA",2.0,Per capita personal income (dollars) 2/,74122.0,77621.0,82716.0,86162.0,91243.0
" ""42031""","Clarion, PA",2.0,Per capita personal income (dollars) 2/,38179.0,38813.0,41002.0,42388.0,45928.0
" ""42033""","Clearfield, PA",2.0,Per capita personal income (dollars) 2/,41051.0,42058.0,44378.0,44968.0,49205.0
" ""42035""","Clinton, PA",2.0,Per capita personal income (dollars) 2/,36359.0,37918.0,39463.0,41191.0,45442.0
" ""42037""","Columbia, PA",2.0,Per capita personal income (dollars) 2/,38687.0,40101.0,41771.0,43283.0,47538.0
" ""42039""","Crawford, PA",2.0,Per capita personal income (dollars) 2/,36755.0,37549.0,39959.0,41562.0,45861.0
" ""42041""","Cumberland, PA",2.0,Per capita personal income (dollars) 2/,49977.0,51675.0,53693.0,56074.0,60827.0
" ""42043""","Dauphin, PA",2.0,Per capita personal income (dollars) 2/,45939.0,47478.0,49881.0,51820.0,55135.0
" ""42045""","Delaware, PA",2.0,Per capita personal income (dollars) 2/,59305.0,61488.0,65324.0,68142.0,71620.0
" ""42047""","Elk, PA",2.0,Per capita personal income (dollars) 2/,42513.0,43559.0,45893.0,46309.0,50211.0
" ""42049""","Erie, PA",2.0,Per capita personal income (dollars) 2/,40425.0,41376.0,43836.0,45257.0,50048.0
" ""42051""","Fayette, PA",2.0,Per capita personal income (dollars) 2/,38163.0,39405.0,41432.0,42619.0,46689.0
" ""42053""","Forest, PA",2.0,Per capita personal income (dollars) 2/,21661.0,21206.0,22708.0,24264.0,28040.0
" ""42055""","Franklin, PA",2.0,Per capita personal income (dollars) 2/,42092.0,43644.0,45841.0,47415.0,51092.0
" ""42057""","Fulton, PA",2.0,Per capita personal income (dollars) 2/,38465.0,41115.0,43725.0,44593.0,47618.0
" ""42059""","Greene, PA",2.0,Per capita personal income (dollars) 2/,37537.0,40728.0,42227.0,43905.0,47074.0
" ""42061""","Huntingdon, PA",2.0,Per capita personal income (dollars) 2/,34450.0,35834.0,37652.0,39334.0,43572.0
" ""42063""","Indiana, PA",2.0,Per capita personal income (dollars) 2/,35804.0,36839.0,39304.0,40934.0,44436.0
" ""42065""","Jefferson, PA",2.0,Per capita personal income (dollars) 2/,38324.0,39561.0,42277.0,42852.0,46417.0
" ""42067""","Juniata, PA",2.0,Per capita personal income (dollars) 2/,39519.0,43724.0,45293.0,46846.0,52158.0
" ""42069""","Lackawanna, PA",2.0,Per capita personal income (dollars) 2/,42576.0,43485.0,45294.0,46729.0,51480.0
" ""42071""","Lancaster, PA",2.0,Per capita personal income (dollars) 2/,46505.0,48614.0,51114.0,53281.0,57805.0
" ""42073""","Lawrence, PA",2.0,Per capita personal income (dollars) 2/,39197.0,40451.0,42610.0,43870.0,48474.0
" ""42075""","Lebanon, PA",2.0,Per capita personal income (dollars) 2/,43121.0,44768.0,46481.0,48224.0,52210.0
" ""42077""","Lehigh, PA",2.0,Per capita personal income (dollars) 2/,48662.0,49529.0,51157.0,54354.0,57952.0
" ""42079""","Luzerne, PA",2.0,Per capita personal income (dollars) 2/,40733.0,41334.0,43093.0,44386.0,48596.0
" ""42081""","Lycoming, PA",2.0,Per capita personal income (dollars) 2/,39358.0,40681.0,42354.0,43959.0,47994.0
" ""42083""","McKean, PA",2.0,Per capita personal income (dollars) 2/,40693.0,41620.0,42941.0,44206.0,47589.0
" ""42085""","Mercer, PA",2.0,Per capita personal income (dollars) 2/,37862.0,39143.0,40864.0,42138.0,45755.0
" ""42087""","Mifflin, PA",2.0,Per capita personal income (dollars) 2/,35347.0,36929.0,38492.0,39529.0,43497.0
" ""42089""","Monroe, PA",2.0,Per capita personal income (dollars) 2/,39811.0,40939.0,42541.0,44943.0,48503.0
" ""42091""","Montgomery, PA",2.0,Per capita personal income (dollars) 2/,73377.0,72957.0,76451.0,77894.0,85842.0
" ""42093""","Montour, PA",2.0,Per capita personal income (dollars) 2/,52813.0,54263.0,56013.0,56506.0,59956.0
" ""42095""","Northampton, PA",2.0,Per capita personal income (dollars) 2/,49117.0,50823.0,53219.0,55415.0,59264.0
" ""42097""","Northumberland, PA",2.0,Per capita personal income (dollars) 2/,37084.0,38565.0,40217.0,41894.0,46132.0
" ""42099""","Perry, PA",2.0,Per capita personal income (dollars) 2/,40746.0,42939.0,44770.0,46565.0,50618.0
" ""42101""","Philadelphia, PA",2.0,Per capita personal income (dollars) 2/,52526.0,51373.0,53297.0,52966.0,55510.0
" ""42103""","Pike, PA",2.0,Per capita personal income (dollars) 2/,43295.0,44229.0,46116.0,49272.0,52333.0
" ""42105""","Potter, PA",2.0,Per capita personal income (dollars) 2/,37031.0,39710.0,43392.0,44235.0,46847.0
" ""42107""","Schuylkill, PA",2.0,Per capita personal income (dollars) 2/,37984.0,39204.0,40930.0,42606.0,46417.0
" ""42109""","Snyder, PA",2.0,Per capita personal income (dollars) 2/,38303.0,39981.0,41707.0,42958.0,46808.0
" ""42111""","Somerset, PA",2.0,Per capita personal income (dollars) 2/,36961.0,38548.0,40047.0,41623.0,45763.0
" ""42113""","Sullivan, PA",2.0,Per capita personal income (dollars) 2/,42054.0,43423.0,45723.0,48616.0,52048.0
" ""42115""","Susquehanna, PA",2.0,Per capita personal income (dollars) 2/,40047.0,42756.0,45081.0,48287.0,51514.0
" ""42117""","Tioga, PA",2.0,Per capita personal income (dollars) 2/,36229.0,37421.0,38739.0,40615.0,43619.0
" ""42119""","Union, PA",2.0,Per capita personal income (dollars) 2/,36873.0,39600.0,40683.0,43682.0,47691.0
" ""42121""","Venango, PA",2.0,Per capita personal income (dollars) 2/,37935.0,38814.0,41103.0,42901.0,46613.0
" ""42123""","Warren, PA",2.0,Per capita personal income (dollars) 2/,38332.0,39492.0,41411.0,42973.0,46515.0
" ""42125""","Washington, PA",2.0,Per capita personal income (dollars) 2/,57270.0,60416.0,61016.0,57661.0,60794.0
" ""42127""","Wayne, PA",2.0,Per capita personal income (dollars) 2/,39597.0,41189.0,43214.0,45116.0,49627.0
" ""42129""","Westmoreland, PA",2.0,Per capita personal income (dollars) 2/,46562.0,47883.0,50309.0,51706.0,56048.0
" ""42131""","Wyoming, PA",2.0,Per capita personal income (dollars) 2/,40648.0,42021.0,45018.0,47644.0,51785.0
" ""42133""","York, PA",2.0,Per capita personal income (dollars) 2/,45488.0,47130.0,49020.0,50687.0,54362.0
" ""55001""","Adams, WI",3.0,Per capita personal income (dollars) 2/,36867,38185,39048,41082,43949
" ""55003""","Ashland, WI",3.0,Per capita personal income (dollars) 2/,36316,37706,38879,40640,43377
" ""55005""","Barron, WI",3.0,Per capita personal income (dollars) 2/,43282,44957,47650,49555,54547
" ""55007""","Bayfield, WI",3.0,Per capita personal income (dollars) 2/,41675,43695,46098,47548,50258
" ""55009""","Brown, WI",3.0,Per capita personal income (dollars) 2/,47115,48841,51548,52813,56918
" ""55011""","Buffalo, WI",3.0,Per capita personal income (dollars) 2/,41365,42695,44800,45474,49864
" ""55013""","Burnett, WI",3.0,Per capita personal income (dollars) 2/,38397,40008,41510,42898,45266
" ""55015""","Calumet, WI",3.0,Per capita personal income (dollars) 2/,45117,47072,49076,50859,53969
" ""55017""","Chippewa, WI",3.0,Per capita personal income (dollars) 2/,40984,42804,44918,46616,50019
" ""55019""","Clark, WI",3.0,Per capita personal income (dollars) 2/,37115,39399,41790,43579,47669
" ""55021""","Columbia, WI",3.0,Per capita personal income (dollars) 2/,46209,47715,49975,52507,55935
" ""55023""","Crawford, WI",3.0,Per capita personal income (dollars) 2/,38801,40287,41435,42865,46767
" ""55025""","Dane, WI",3.0,Per capita personal income (dollars) 2/,54958,56759,59885,62823,65565
" ""55027""","Dodge, WI",3.0,Per capita personal income (dollars) 2/,40392,41652,43251,44907,47230
" ""55029""","Door, WI",3.0,Per capita personal income (dollars) 2/,54502,56454,58605,60427,65837
" ""55031""","Douglas, WI",3.0,Per capita personal income (dollars) 2/,38870,40434,42148,43989,45636
" ""55033""","Dunn, WI",3.0,Per capita personal income (dollars) 2/,37257,38435,39898,41251,44528
" ""55035""","Eau Claire, WI",3.0,Per capita personal income (dollars) 2/,42858,45050,47522,49064,51751
" ""55037""","Florence, WI",3.0,Per capita personal income (dollars) 2/,47457,47542,50058,55450,56293
" ""55039""","Fond du Lac, WI",3.0,Per capita personal income (dollars) 2/,43493,45196,47523,49506,52435
" ""55041""","Forest, WI",3.0,Per capita personal income (dollars) 2/,36899,39011,40632,41082,44475
" ""55043""","Grant, WI",3.0,Per capita personal income (dollars) 2/,39134,41050,42848,44311,47692
" ""55045""","Green, WI",3.0,Per capita personal income (dollars) 2/,46721,48043,49999,52132,56257
" ""55047""","Green Lake, WI",3.0,Per capita personal income (dollars) 2/,42404,43251,43950,44238,47032
" ""55049""","Iowa, WI",3.0,Per capita personal income (dollars) 2/,44024,45169,47340,50012,53009
" ""55051""","Iron, WI",3.0,Per capita personal income (dollars) 2/,44554,46355,46216,47551,49926
" ""55053""","Jackson, WI",3.0,Per capita personal income (dollars) 2/,40828,43214,45077,44851,48508
" ""55055""","Jefferson, WI",3.0,Per capita personal income (dollars) 2/,41906,43771,45504,47315,49205
" ""55057""","Juneau, WI",3.0,Per capita personal income (dollars) 2/,35509,36924,38342,39935,42832
" ""55059""","Kenosha, WI",3.0,Per capita personal income (dollars) 2/,42888,44830,46959,48915,51812
" ""55061""","Kewaunee, WI",3.0,Per capita personal income (dollars) 2/,43133,44880,46427,48111,52079
" ""55063""","La Crosse, WI",3.0,Per capita personal income (dollars) 2/,45062,46530,48561,50678,53851
" ""55065""","Lafayette, WI",3.0,Per capita personal income (dollars) 2/,39518,40552,42307,43744,47996
" ""55067""","Langlade, WI",3.0,Per capita personal income (dollars) 2/,39591,41367,42483,43832,47933
" ""55069""","Lincoln, WI",3.0,Per capita personal income (dollars) 2/,41126,42841,44625,45758,49686
" ""55071""","Manitowoc, WI",3.0,Per capita personal income (dollars) 2/,42904,44194,45365,46757,49331
" ""55073""","Marathon, WI",3.0,Per capita personal income (dollars) 2/,45659,47034,49349,51696,54394
" ""55075""","Marinette, WI",3.0,Per capita personal income (dollars) 2/,39839,41208,43834,44751,47297
" ""55077""","Marquette, WI",3.0,Per capita personal income (dollars) 2/,38036,39476,40876,42725,46111
" ""55078""","Menominee, WI*",3.0,Per capita personal income (dollars) 2/,29752,30763,31836,34389,37454
" ""55079""","Milwaukee, WI",3.0,Per capita personal income (dollars) 2/,42757,44289,46735,47904,50934
" ""55081""","Monroe, WI",3.0,Per capita personal income (dollars) 2/,38130,40346,41319,41974,46213
" ""55083""","Oconto, WI",3.0,Per capita personal income (dollars) 2/,41703,43110,45239,47084,49890
" ""55085""","Oneida, WI",3.0,Per capita personal income (dollars) 2/,43951,47049,48517,49355,52732
" ""55087""","Outagamie, WI",3.0,Per capita personal income (dollars) 2/,47086,48456,50212,52233,54853
" ""55089""","Ozaukee, WI",3.0,Per capita personal income (dollars) 2/,75338,77918,80891,83699,87231
" ""55091""","Pepin, WI",3.0,Per capita personal income (dollars) 2/,43789,46158,47940,49348,55005
" ""55093""","Pierce, WI",3.0,Per capita personal income (dollars) 2/,43152,44423,45767,48459,50665
" ""55095""","Polk, WI",3.0,Per capita personal income (dollars) 2/,42669,43893,45265,46480,49881
" ""55097""","Portage, WI",3.0,Per capita personal income (dollars) 2/,42145,44015,45576,47697,50308
" ""55099""","Price, WI",3.0,Per capita personal income (dollars) 2/,41370,42511,43529,44988,47829
" ""55101""","Racine, WI",3.0,Per capita personal income (dollars) 2/,44337,46588,48550,49892,52771
" ""55103""","Richland, WI",3.0,Per capita personal income (dollars) 2/,39957,40917,42774,44117,47520
" ""55105""","Rock, WI",3.0,Per capita personal income (dollars) 2/,40368,41522,43382,45508,48024
" ""55107""","Rusk, WI",3.0,Per capita personal income (dollars) 2/,40604,42551,43950,44564,47938
" ""55109""","St. Croix, WI",3.0,Per capita personal income (dollars) 2/,50774,52970,54844,57267,59310
" ""55111""","Sauk, WI",3.0,Per capita personal income (dollars) 2/,43596,45322,47817,52289,56053
" ""55113""","Sawyer, WI",3.0,Per capita personal income (dollars) 2/,40256,41463,42125,44730,46928
" ""55115""","Shawano, WI*",3.0,Per capita personal income (dollars) 2/,38810,40809,42033,43887,46911
" ""55117""","Sheboygan, WI",3.0,Per capita personal income (dollars) 2/,46478,48928,51168,51973,55038
" ""55119""","Taylor, WI",3.0,Per capita personal income (dollars) 2/,37365,38960,39947,42785,47196
" ""55121""","Trempealeau, WI",3.0,Per capita personal income (dollars) 2/,40023,41478,43135,43720,47003
" ""55123""","Vernon, WI",3.0,Per capita personal income (dollars) 2/,37437,38960,40802,42131,45820
" ""55125""","Vilas, WI",3.0,Per capita personal income (dollars) 2/,47843,50342,52403,52867,54089
" ""55127""","Walworth, WI",3.0,Per capita personal income (dollars) 2/,44610,46472,48265,51051,54750
" ""55129""","Washburn, WI",3.0,Per capita personal income (dollars) 2/,42446,44265,45229,47325,50750
" ""55131""","Washington, WI",3.0,Per capita personal income (dollars) 2/,52890,55602,57756,59326,61502
" ""55133""","Waukesha, WI",3.0,Per capita personal income (dollars) 2/,66756,68412,71073,73586,76722
" ""55135""","Waupaca, WI",3.0,Per capita personal income (dollars) 2/,41710,42781,44466,46259,49282
" ""55137""","Waushara, WI",3.0,Per capita personal income (dollars) 2/,37589,38734,40346,41093,43787
" ""55139""","Winnebago, WI",3.0,Per capita personal income (dollars) 2/,44055,45311,47336,48656,52285
" ""55141""","Wood, WI",3.0,Per capita personal income (dollars) 2/,42516,43805,45262,47139,49731
" ""55901""","Shawano (includes Menominee), WI*",3.0,Per capita personal income (dollars) 2/,(NA),(NA),(NA),(NA),(NA)
" ""33001""","Belknap, NH",1.0,Per capita personal income (dollars) 2/,54619.0,56471.0,59122.0,63284.0,67856.0
" ""33003""","Carroll, NH",1.0,Per capita personal income (dollars) 2/,53591.0,56201.0,57636.0,61859.0,66086.0
" ""33005""","Cheshire, NH",1.0,Per capita personal income (dollars) 2/,47917.0,49219.0,51194.0,52963.0,57505.0
" ""33007""","Coos, NH",1.0,Per capita personal income (dollars) 2/,39664.0,41776.0,43303.0,44743.0,49233.0
" ""33009""","Grafton, NH",1.0,Per capita personal income (dollars) 2/,55229.0,56589.0,59943.0,64699.0,68513.0
" ""33011""","Hillsborough, NH",1.0,Per capita personal income (dollars) 2/,55459.0,57371.0,59755.0,62681.0,65906.0
" ""33013""","Merrimack, NH",1.0,Per capita personal income (dollars) 2/,53275.0,54736.0,56427.0,59634.0,63578.0
" ""33015""","Rockingham, NH",1.0,Per capita personal income (dollars) 2/,66219.0,70021.0,73030.0,78272.0,81408.0
" ""33017""","Strafford, NH",1.0,Per capita personal income (dollars) 2/,46652.0,48180.0,50373.0,53431.0,57036.0
" ""33019""","Sullivan, NH",1.0,Per capita personal income (dollars) 2/,48482.0,49651.0,52501.0,54716.0,58613.0
" ""39001""","Adams, OH",3.0,Per capita personal income (dollars) 2/,32071.0,33359.0,34629.0,35622.0,39992.0
" ""39003""","Allen, OH",3.0,Per capita personal income (dollars) 2/,38793.0,40150.0,41877.0,43083.0,46903.0
" ""39005""","Ashland, OH",3.0,Per capita personal income (dollars) 2/,35860.0,37254.0,38774.0,39111.0,42750.0
" ""39007""","Ashtabula, OH",3.0,Per capita personal income (dollars) 2/,35307.0,36417.0,38201.0,39321.0,43172.0
" ""39009""","Athens, OH",3.0,Per capita personal income (dollars) 2/,32128.0,33401.0,34357.0,35639.0,38196.0
" ""39011""","Auglaize, OH",3.0,Per capita personal income (dollars) 2/,44004.0,46348.0,47600.0,47033.0,51048.0
" ""39013""","Belmont, OH",3.0,Per capita personal income (dollars) 2/,36268.0,39161.0,42210.0,42343.0,43701.0
" ""39015""","Brown, OH",3.0,Per capita personal income (dollars) 2/,34431.0,35827.0,37002.0,38745.0,42681.0
" ""39017""","Butler, OH",3.0,Per capita personal income (dollars) 2/,42989.0,44856.0,46480.0,48964.0,51958.0
" ""39019""","Carroll, OH",3.0,Per capita personal income (dollars) 2/,35398.0,37799.0,39259.0,40758.0,44527.0
" ""39021""","Champaign, OH",3.0,Per capita personal income (dollars) 2/,37984.0,39407.0,41241.0,42065.0,46342.0
" ""39023""","Clark, OH",3.0,Per capita personal income (dollars) 2/,37201.0,38441.0,39335.0,40882.0,44450.0
" ""39025""","Clermont, OH",3.0,Per capita personal income (dollars) 2/,48661.0,50615.0,52410.0,56974.0,60904.0
" ""39027""","Clinton, OH",3.0,Per capita personal income (dollars) 2/,41437.0,42796.0,44276.0,45270.0,47484.0
" ""39029""","Columbiana, OH",3.0,Per capita personal income (dollars) 2/,34868.0,36178.0,37669.0,39168.0,42650.0
" ""39031""","Coshocton, OH",3.0,Per capita personal income (dollars) 2/,32212.0,33270.0,34871.0,35679.0,39330.0
" ""39033""","Crawford, OH",3.0,Per capita personal income (dollars) 2/,34828.0,36196.0,37979.0,38045.0,41981.0
" ""39035""","Cuyahoga, OH",3.0,Per capita personal income (dollars) 2/,49022.0,50772.0,52572.0,54313.0,57219.0
" ""39037""","Darke, OH",3.0,Per capita personal income (dollars) 2/,38762.0,40694.0,43042.0,43219.0,47691.0
" ""39039""","Defiance, OH",3.0,Per capita personal income (dollars) 2/,37985.0,38908.0,40153.0,41206.0,44273.0
" ""39041""","Delaware, OH",3.0,Per capita personal income (dollars) 2/,68458.0,71273.0,73425.0,75891.0,79096.0
" ""39043""","Erie, OH",3.0,Per capita personal income (dollars) 2/,58369.0,56624.0,57329.0,53946.0,53741.0
" ""39045""","Fairfield, OH",3.0,Per capita personal income (dollars) 2/,43027.0,44597.0,46027.0,47836.0,51559.0
" ""39047""","Fayette, OH",3.0,Per capita personal income (dollars) 2/,35886.0,36835.0,37872.0,39186.0,44574.0
" ""39049""","Franklin, OH",3.0,Per capita personal income (dollars) 2/,47453.0,48247.0,49566.0,50728.0,54427.0
" ""39051""","Fulton, OH",3.0,Per capita personal income (dollars) 2/,41754.0,43107.0,44409.0,45641.0,49453.0
" ""39053""","Gallia, OH",3.0,Per capita personal income (dollars) 2/,36171.0,37841.0,39766.0,41190.0,44487.0
" ""39055""","Geauga, OH",3.0,Per capita personal income (dollars) 2/,62872.0,64626.0,67317.0,70073.0,71539.0
" ""39057""","Greene, OH",3.0,Per capita personal income (dollars) 2/,46916.0,49027.0,50355.0,51578.0,54912.0
" ""39059""","Guernsey, OH",3.0,Per capita personal income (dollars) 2/,36410.0,38553.0,40536.0,41694.0,46158.0
" ""39061""","Hamilton, OH",3.0,Per capita personal income (dollars) 2/,53622.0,55610.0,57842.0,59521.0,63000.0
" ""39063""","Hancock, OH",3.0,Per capita personal income (dollars) 2/,50654.0,48335.0,50329.0,50911.0,55589.0
" ""39065""","Hardin, OH",3.0,Per capita personal income (dollars) 2/,30580.0,31755.0,33345.0,33734.0,37118.0
" ""39067""","Harrison, OH",3.0,Per capita personal income (dollars) 2/,35203.0,38422.0,39454.0,40795.0,42975.0
" ""39069""","Henry, OH",3.0,Per capita personal income (dollars) 2/,41121.0,42273.0,43247.0,44508.0,48966.0
" ""39071""","Highland, OH",3.0,Per capita personal income (dollars) 2/,32922.0,34755.0,35973.0,37183.0,40878.0
" ""39073""","Hocking, OH",3.0,Per capita personal income (dollars) 2/,35191.0,36835.0,37858.0,39769.0,43319.0
" ""39075""","Holmes, OH",3.0,Per capita personal income (dollars) 2/,38363.0,41719.0,44086.0,46359.0,49512.0
" ""39077""","Huron, OH",3.0,Per capita personal income (dollars) 2/,37029.0,38471.0,39931.0,40623.0,44942.0
" ""39079""","Jackson, OH",3.0,Per capita personal income (dollars) 2/,33690.0,34407.0,35102.0,36270.0,40243.0
" ""39081""","Jefferson, OH",3.0,Per capita personal income (dollars) 2/,34939.0,36856.0,38450.0,40313.0,43422.0
" ""39083""","Knox, OH",3.0,Per capita personal income (dollars) 2/,39113.0,40213.0,42493.0,44443.0,48938.0
" ""39085""","Lake, OH",3.0,Per capita personal income (dollars) 2/,46670.0,48206.0,50354.0,51859.0,55067.0
" ""39087""","Lawrence, OH",3.0,Per capita personal income (dollars) 2/,35345.0,36857.0,38681.0,40291.0,43409.0
" ""39089""","Licking, OH",3.0,Per capita personal income (dollars) 2/,42711.0,44432.0,45558.0,47102.0,51328.0
" ""39091""","Logan, OH",3.0,Per capita personal income (dollars) 2/,38884.0,40451.0,42144.0,42578.0,46779.0
" ""39093""","Lorain, OH",3.0,Per capita personal income (dollars) 2/,42741.0,44306.0,45936.0,47918.0,50905.0
" ""39095""","Lucas, OH",3.0,Per capita personal income (dollars) 2/,42731.0,43474.0,45419.0,47244.0,50429.0
" ""39097""","Madison, OH",3.0,Per capita personal income (dollars) 2/,39698.0,41044.0,41418.0,42509.0,47132.0
" ""39099""","Mahoning, OH",3.0,Per capita personal income (dollars) 2/,40005.0,40671.0,42030.0,43638.0,47276.0
" ""39101""","Marion, OH",3.0,Per capita personal income (dollars) 2/,34161.0,35874.0,36717.0,36854.0,40518.0
" ""39103""","Medina, OH",3.0,Per capita personal income (dollars) 2/,52293.0,53655.0,55433.0,57437.0,60007.0
" ""39105""","Meigs, OH",3.0,Per capita personal income (dollars) 2/,32725.0,33975.0,35117.0,36567.0,40611.0
" ""39107""","Mercer, OH",3.0,Per capita personal income (dollars) 2/,45123.0,48438.0,51346.0,50058.0,54028.0
" ""39109""","Miami, OH",3.0,Per capita personal income (dollars) 2/,43112.0,45054.0,46756.0,47845.0,51897.0
" ""39111""","Monroe, OH",3.0,Per capita personal income (dollars) 2/,30059.0,32471.0,35527.0,37057.0,41821.0
" ""39113""","Montgomery, OH",3.0,Per capita personal income (dollars) 2/,42454.0,44191.0,45809.0,47514.0,51366.0
" ""39115""","Morgan, OH",3.0,Per capita personal income (dollars) 2/,31143.0,32960.0,33916.0,35615.0,40129.0
" ""39117""","Morrow, OH",3.0,Per capita personal income (dollars) 2/,36284.0,37874.0,39727.0,41625.0,45636.0
" ""39119""","Muskingum, OH",3.0,Per capita personal income (dollars) 2/,37787.0,39137.0,40348.0,41884.0,46260.0
" ""39121""","Noble, OH",3.0,Per capita personal income (dollars) 2/,24931.0,26315.0,27493.0,28174.0,30676.0
" ""39123""","Ottawa, OH",3.0,Per capita personal income (dollars) 2/,47814.0,49368.0,51673.0,53623.0,57028.0
" ""39125""","Paulding, OH",3.0,Per capita personal income (dollars) 2/,36864.0,38522.0,40173.0,40642.0,45567.0
" ""39127""","Perry, OH",3.0,Per capita personal income (dollars) 2/,34841.0,36795.0,37882.0,39351.0,43083.0
" ""39129""","Pickaway, OH",3.0,Per capita personal income (dollars) 2/,37610.0,39503.0,40684.0,42033.0,46315.0
" ""39131""","Pike, OH",3.0,Per capita personal income (dollars) 2/,34481.0,36698.0,37972.0,39367.0,43219.0
" ""39133""","Portage, OH",3.0,Per capita personal income (dollars) 2/,40848.0,42539.0,44118.0,45524.0,48662.0
" ""39135""","Preble, OH",3.0,Per capita personal income (dollars) 2/,36849.0,38221.0,39566.0,40835.0,44630.0
" ""39137""","Putnam, OH",3.0,Per capita personal income (dollars) 2/,43655.0,45921.0,48181.0,49200.0,53557.0
" ""39139""","Richland, OH",3.0,Per capita personal income (dollars) 2/,35404.0,36615.0,37796.0,39577.0,43507.0
" ""39141""","Ross, OH",3.0,Per capita personal income (dollars) 2/,33995.0,35169.0,36709.0,38451.0,42149.0
" ""39143""","Sandusky, OH",3.0,Per capita personal income (dollars) 2/,38109.0,39686.0,40876.0,41851.0,45385.0
" ""39145""","Scioto, OH",3.0,Per capita personal income (dollars) 2/,35418.0,36798.0,38888.0,40583.0,43126.0
" ""39147""","Seneca, OH",3.0,Per capita personal income (dollars) 2/,36818.0,37600.0,38621.0,40084.0,44759.0
" ""39149""","Shelby, OH",3.0,Per capita personal income (dollars) 2/,42030.0,43430.0,44646.0,45196.0,49186.0
" ""39151""","Stark, OH",3.0,Per capita personal income (dollars) 2/,41057.0,42566.0,43938.0,45370.0,48746.0
" ""39153""","Summit, OH",3.0,Per capita personal income (dollars) 2/,46844.0,48543.0,50574.0,52513.0,56089.0
" ""39155""","Trumbull, OH",3.0,Per capita personal income (dollars) 2/,37326.0,38420.0,39697.0,39820.0,43004.0
" ""39157""","Tuscarawas, OH",3.0,Per capita personal income (dollars) 2/,39487.0,41001.0,43042.0,43293.0,45918.0
" ""39159""","Union, OH",3.0,Per capita personal income (dollars) 2/,47444.0,51948.0,56117.0,57602.0,61776.0
" ""39161""","Van Wert, OH",3.0,Per capita personal income (dollars) 2/,38125.0,39452.0,41302.0,41446.0,46028.0
" ""39163""","Vinton, OH",3.0,Per capita personal income (dollars) 2/,31588.0,32703.0,33888.0,35070.0,39319.0
" ""39165""","Warren, OH",3.0,Per capita personal income (dollars) 2/,55078.0,57587.0,59181.0,62477.0,65724.0
" ""39167""","Washington, OH",3.0,Per capita personal income (dollars) 2/,39074.0,40297.0,42910.0,44189.0,46766.0
" ""39169""","Wayne, OH",3.0,Per capita personal income (dollars) 2/,39876.0,42052.0,44085.0,45601.0,49035.0
" ""39171""","Williams, OH",3.0,Per capita personal income (dollars) 2/,37989.0,39122.0,40563.0,42236.0,44922.0
" ""39173""","Wood, OH",3.0,Per capita personal income (dollars) 2/,43830.0,44704.0,46599.0,47505.0,50634.0
" ""39175""","Wyandot, OH",3.0,Per capita personal income (dollars) 2/,40063.0,41655.0,44322.0,45762.0,50199.0
" ""32001""","Churchill, NV",8.0,Per capita personal income (dollars) 2/,40754.0,43465.0,44422.0,45534.0,49933.0
" ""32003""","Clark, NV",8.0,Per capita personal income (dollars) 2/,43621.0,45547.0,47466.0,50415.0,52642.0
" ""32005""","Douglas, NV",8.0,Per capita personal income (dollars) 2/,63699.0,68957.0,71219.0,75776.0,83914.0
" ""32007""","Elko, NV",8.0,Per capita personal income (dollars) 2/,41905.0,43702.0,45842.0,47268.0,50326.0
" ""32009""","Esmeralda, NV",8.0,Per capita personal income (dollars) 2/,47050.0,46841.0,44562.0,50279.0,48440.0
" ""32011""","Eureka, NV",8.0,Per capita personal income (dollars) 2/,35739.0,39367.0,41186.0,47341.0,47183.0
" ""32013""","Humboldt, NV",8.0,Per capita personal income (dollars) 2/,42862.0,44550.0,45201.0,47662.0,50909.0
" ""32015""","Lander, NV",8.0,Per capita personal income (dollars) 2/,55642.0,59844.0,63803.0,66798.0,68599.0
" ""32017""","Lincoln, NV",8.0,Per capita personal income (dollars) 2/,37102.0,39313.0,41100.0,45367.0,49100.0
" ""32019""","Lyon, NV",8.0,Per capita personal income (dollars) 2/,35326.0,37184.0,38442.0,40136.0,43687.0
" ""32021""","Mineral, NV",8.0,Per capita personal income (dollars) 2/,36453.0,36536.0,37260.0,41505.0,47173.0
" ""32023""","Nye, NV",8.0,Per capita personal income (dollars) 2/,34236.0,35185.0,36012.0,37375.0,39526.0
" ""32027""","Pershing, NV",8.0,Per capita personal income (dollars) 2/,30121.0,32031.0,31721.0,32843.0,36930.0
" ""32029""","Storey, NV",8.0,Per capita personal income (dollars) 2/,46590.0,54513.0,59426.0,60325.0,68045.0
" ""32031""","Washoe, NV",8.0,Per capita personal income (dollars) 2/,50985.0,54729.0,59315.0,61024.0,65020.0
" ""32033""","White Pine, NV",8.0,Per capita personal income (dollars) 2/,40204.0,43268.0,45753.0,48658.0,53488.0
" ""32510""","Carson City (Independent City), NV",8.0,Per capita personal income (dollars) 2/,43038.0,45801.0,48072.0,50035.0,55770.0
